Date,Open,High,Low,Close,Volume,DailyReturn,MA7,MA30,Volatility30,NextClose,NextDirectionUp
2023-02-13,106.55,107.49,105.73,106.65,371933,-0.025404368089189444,107.86285714285715,110.48133333333334,0.0251530530164059,107.66,1
2023-02-14,107.66,108.74,107.09,107.66,623690,0.009470229723394175,107.76428571428572,110.75466666666667,0.025139490934917994,107.52,0
2023-02-15,107.63,107.82,106.67,107.52,320481,-0.0013003901170350884,108.34857142857143,110.93499999999999,0.02474584834494265,109.87,1
2023-02-16,110.48,110.53,109.7,109.87,396098,0.021856398809523947,108.38142857142857,111.18666666666668,0.025009586386300086,109.18,0
2023-02-17,109.39,110.43,108.73,109.18,1024951,-0.006280149267315904,108.45714285714287,111.21733333333333,0.02275400513934563,105.48,0
2023-02-20,105.58,106.41,105.13,105.48,418258,-0.033888990657629625,107.97,110.99166666666666,0.02252445344772076,104.79,0
2023-02-21,104.81,104.81,104.57,104.79,518373,-0.006541524459613202,107.30714285714285,110.74166666666666,0.02253661084871531,103.16,0
2023-02-22,103.99,105.35,103.04,103.16,295931,-0.015554919362534725,106.80857142857143,110.44666666666667,0.022671119046824263,102.64,0
2023-02-23,102.4,103.68,101.44,102.64,755830,-0.005040713454827372,106.09142857142857,110.15533333333335,0.022668587413637708,100.5,0
2023-02-24,100.98,100.99,100.16,100.5,313833,-0.020849571317225313,105.08857142857143,109.74133333333334,0.022692927696846475,100.74,1
2023-02-27,99.95,101.1,99.8,100.74,336094,0.002388059701492473,103.78428571428572,109.33933333333333,0.022715112458339005,103.39,1
2023-02-28,103.02,103.61,102.29,103.39,354713,0.02630534048044475,102.95714285714284,108.96499999999999,0.023091242967590124,104.05,1
2023-03-01,104.22,104.86,104.0,104.05,310295,0.006383596092465416,102.75285714285715,108.604,0.023136864906632616,105.46,1
2023-03-02,105.4,106.48,104.6,105.46,257703,0.013551177318596785,102.84857142857142,108.23366666666668,0.023107136725255602,105.14,0
2023-03-03,106.4,107.0,104.81,105.14,399529,-0.003034325810733818,103.13142857142857,107.769,0.022635505587587427,101.82,0
2023-03-06,102.87,103.01,101.21,101.82,370464,-0.03157694502568009,103.01428571428572,107.35833333333333,0.022134876769860982,102.62,1
2023-03-07,102.0,103.95,101.46,102.62,429900,0.007857002553525838,103.31714285714285,106.98433333333334,0.022232723437680423,100.95,0
2023-03-08,100.52,102.0,100.42,100.95,304897,-0.01627363087117517,103.34714285714287,106.52066666666666,0.022233583296591076,100.45,0
2023-03-09,100.39,101.04,99.36,100.45,314457,-0.004952947003467045,102.92714285714285,105.99733333333333,0.022045433015225966,102.84,1
2023-03-10,103.55,104.03,102.75,102.84,394222,0.023792931806869033,102.75428571428571,105.57766666666666,0.02264215244840209,103.89,1
2023-03-13,104.36,104.64,103.87,103.89,445851,0.010210035005834284,102.53,105.31133333333334,0.022178242827141335,105.2,1
2023-03-14,105.34,106.63,104.4,105.2,310980,0.012609490807584889,102.53857142857144,105.133,0.022261206846045198,103.97,0
2023-03-15,103.38,104.15,103.18,103.97,439517,-0.01169201520912555,102.84571428571428,105.05666666666667,0.021216619207397078,103.9,0
2023-03-16,103.55,105.43,103.18,103.9,406767,-0.0006732711359045407,103.02857142857144,105.00866666666666,0.021160880808421014,103.3,0
2023-03-17,102.2,103.54,101.93,103.3,671092,-0.005774783445620879,103.36428571428571,104.84033333333333,0.020465730420325505,102.47,0
2023-03-20,101.84,103.13,101.81,102.47,569725,-0.008034849951597312,103.65285714285714,104.80833333333334,0.018760167005977893,103.23,1
2023-03-21,103.41,103.45,102.81,103.23,540943,0.00741680491851282,103.70857142857143,104.59466666666665,0.015027810408168118,100.59,0
2023-03-22,100.91,101.92,100.16,100.59,658571,-0.02557396105783205,103.23714285714286,104.32600000000001,0.015591594345580351,103.21,1
2023-03-23,102.68,103.24,101.87,103.21,348045,0.026046326672631404,102.95285714285714,104.13666666666667,0.016422369892904246,103.55,1
2023-03-24,103.59,103.69,103.33,103.55,752844,0.003294254432710142,102.89285714285714,103.94066666666667,0.01640205430865304,106.79,1
2023-03-27,107.49,107.65,106.48,106.79,478066,0.031289232254949395,103.30571428571429,103.94533333333334,0.016838023484345262,105.95,0
2023-03-28,106.02,106.39,105.93,105.95,367661,-0.007865905047289123,103.6842857142857,103.88833333333334,0.01680567885834846,108.01,1
2023-03-29,107.88,108.02,107.45,108.01,520458,0.019443133553562975,104.47571428571428,103.90466666666667,0.017189575473732583,109.15,1
2023-03-30,109.42,110.24,108.63,109.15,293488,0.010554578279788895,105.32142857142857,103.88066666666666,0.01682061530419851,109.24,1
2023-03-31,109.47,110.56,108.96,109.24,886540,0.0008245533669262173,106.55714285714286,103.88266666666667,0.01678030988894031,108.44,0
2023-04-03,108.48,108.75,108.38,108.44,491132,-0.007323324789454411,107.30428571428571,103.98133333333334,0.015579842986649139,107.72,0
2023-04-04,107.49,108.41,107.48,107.72,249178,-0.00663961637772037,107.9,104.079,0.015581499215255522,106.12,0
2023-04-05,105.95,106.51,105.32,106.12,287471,-0.014853323431117671,107.80428571428571,104.17766666666667,0.015556243671835798,106.02,0
2023-04-06,106.06,106.96,105.56,106.02,365270,-0.0009423294383716918,107.81428571428572,104.29033333333334,0.015518768971465705,107.55,1
2023-04-07,107.32,108.01,106.38,107.55,358186,0.014431239388794648,107.74857142857142,104.52533333333332,0.015122199020117131,109.46,1
2023-04-10,110.05,110.28,108.97,109.46,529980,0.017759181775918176,107.79285714285713,104.816,0.015380920111145932,110.07,1
2023-04-11,110.46,111.12,109.89,110.07,626288,0.0055728119861135905,107.91142857142856,105.03866666666667,0.014744961775076731,108.89,0
2023-04-12,109.36,110.27,108.84,108.89,660441,-0.010720450622331179,107.97571428571429,105.2,0.014907169740386104,108.22,0
2023-04-13,109.1,110.78,107.16,108.22,548873,-0.006152998438791468,108.04714285714284,105.29199999999999,0.014797217026616934,107.25,0
2023-04-14,107.93,108.95,106.19,107.25,309503,-0.008963223064128667,108.20857142857142,105.36233333333332,0.014891794826688464,107.7,1
2023-04-17,108.31,108.85,107.31,107.7,686340,0.00419580419580412,108.44857142857143,105.55833333333334,0.013587500109645762,107.91,1
2023-04-18,108.07,108.42,107.64,107.91,715888,0.001949860724233865,108.5,105.73466666666667,0.013541851935641648,105.36,0
2023-04-19,105.28,105.67,104.14,105.36,209474,-0.02363080344731716,107.91428571428571,105.88166666666667,0.013940542455415024,104.05,0
2023-04-20,105.01,105.19,103.38,104.05,356469,-0.012433561123766146,107.0542857142857,106.00166666666665,0.014125983301854193,105.02,1
2023-04-21,104.74,105.44,104.35,105.02,387300,0.009322441134070214,106.50142857142858,106.07433333333333,0.013566380227060273,102.71,0
2023-04-24,102.46,103.59,102.41,102.71,328472,-0.0219958103218435,105.71428571428571,106.035,0.014060360440890068,101.8,0
2023-04-25,101.45,102.3,101.09,101.8,664667,-0.008859896796806543,104.9357142857143,105.92166666666667,0.013927150070405424,101.34,0
2023-04-26,101.43,101.51,101.3,101.34,530662,-0.004518664047151177,104.02714285714285,105.834,0.013798251560907344,99.88,0
2023-04-27,100.05,100.97,99.74,99.88,454401,-0.014406946911387442,102.88,105.7,0.014021231895241628,99.95,1
2023-04-28,100.36,100.81,99.58,99.95,276505,0.0007008410092110839,102.10714285714286,105.58833333333334,0.013998515857059843,96.76,0
2023-05-01,96.68,96.83,96.61,96.76,199882,-0.031915957978989495,101.0657142857143,105.398,0.01505153169679949,98.7,1
2023-05-02,98.02,98.77,97.62,98.7,308865,0.020049607275733683,100.16285714285713,105.24700000000001,0.015488641252788676,101.79,1
2023-05-03,101.92,102.35,101.58,101.79,321155,0.03130699088145894,100.03142857142858,105.287,0.01590071035032231,98.98,0
2023-05-04,99.36,99.49,98.62,98.98,312283,-0.027605855192062156,99.62857142857142,105.146,0.0159475113743293,100.37,1
2023-05-05,100.38,100.75,99.67,100.37,194589,0.014043241058799838,99.49000000000001,105.03999999999999,0.016172780976026334,98.73,0
2023-05-08,98.68,99.12,97.65,98.73,244188,-0.01633954368835311,99.3257142857143,104.77133333333333,0.015211837157344105,99.5,1
2023-05-09,99.73,100.44,99.36,99.5,374044,0.007799047908437107,99.26142857142858,104.55633333333334,0.015289969671287625,102.87,1
2023-05-10,103.46,103.78,102.77,102.87,503071,0.03386934673366837,100.13428571428572,104.38499999999999,0.01618742674207514,100.14,0
2023-05-11,100.12,100.96,98.98,100.14,359444,-0.02653834937299504,100.34,104.08466666666666,0.01664526959253239,101.04,1
2023-05-12,100.47,101.47,98.63,101.04,403017,0.008987417615338611,100.23285714285714,103.81133333333334,0.016771681693578254,103.1,1
2023-05-15,102.87,103.36,102.69,103.1,428593,0.020387965162311783,100.82142857142857,103.63333333333334,0.017250954878787042,101.16,0
2023-05-16,101.09,102.11,100.69,101.16,429312,-0.018816682832201725,100.9342857142857,103.41466666666666,0.0175163473699397,99.72,0
2023-05-17,99.0,100.42,98.54,99.72,702680,-0.014234875444839812,101.07571428571428,103.20133333333335,0.017500987667801206,99.59,0
2023-05-18,99.9,100.38,99.58,99.59,323202,-0.0013036502206177358,101.08857142857143,102.98700000000001,0.017500413585467858,101.34,1
2023-05-19,101.03,101.63,101.02,101.34,477040,0.017572045386083035,100.87,102.78,0.017610747504472255,103.14,1
2023-05-22,103.35,103.38,102.92,103.14,263673,0.01776198934280626,101.29857142857144,102.56933333333333,0.01761085520421025,104.22,1
2023-05-23,104.3,105.04,104.16,104.22,696275,0.010471204188481575,101.75285714285714,102.37433333333334,0.017704322901601014,103.36,0
2023-05-24,103.24,103.98,102.67,103.36,585196,-0.00825177509115338,101.78999999999999,102.19,0.017666489943021443,104.12,1
2023-05-25,104.8,104.96,103.8,104.12,647646,0.007352941176470562,102.21285714285715,102.05333333333334,0.01771808124656914,104.38,1
2023-05-26,104.15,105.44,103.67,104.38,460251,0.002497118709181567,102.87857142857142,101.95766666666667,0.01766694847507769,100.94,0
2023-05-29,100.67,101.25,100.51,100.94,420339,-0.03295650507760106,103.07142857142857,101.73233333333333,0.01858632223784331,100.51,0
2023-05-30,100.63,101.61,100.22,100.51,268099,-0.0042599564097483,102.95285714285714,101.48566666666667,0.01857549314155236,102.61,1
2023-05-31,102.96,103.27,102.6,102.61,498063,0.020893443438463777,102.87714285714286,101.39399999999999,0.018582721421873213,103.16,1
2023-06-01,103.16,103.77,102.94,103.16,748519,0.00536010135464382,102.72571428571429,101.36433333333335,0.01847944257868548,101.81,0
2023-06-02,101.41,102.27,100.82,101.81,150292,-0.013086467623109721,102.50428571428573,101.25733333333334,0.018537373409536366,98.09,0
2023-06-05,98.36,99.05,97.6,98.09,871708,-0.03653865042726645,101.64285714285714,101.10333333333334,0.01928404342462971,101.77,1
2023-06-06,102.02,102.02,101.26,101.77,320697,0.03751656641859502,101.27000000000001,101.10233333333333,0.020483065584396005,98.31,0
2023-06-07,99.13,100.43,98.1,98.31,531520,-0.03399823130588575,100.89428571428572,101.00133333333333,0.02140335731037869,99.48,1
2023-06-08,99.39,100.0,98.46,99.48,321329,0.011901129081477002,100.74714285714286,100.98800000000001,0.021365095318070192,101.2,1
2023-06-09,101.28,101.52,101.04,101.2,415843,0.017289907519099312,100.54571428571428,101.02966666666666,0.021594959179956255,101.51,1
2023-06-12,101.28,101.93,101.05,101.51,606777,0.0030632411067192944,100.31000000000002,101.18800000000002,0.020702399374144455,98.91,0
2023-06-13,98.32,99.63,97.94,98.91,410979,-0.025613240074869537,99.89571428571428,101.195,0.020991469561959263,96.56,0
2023-06-14,96.59,96.8,95.62,96.56,892376,-0.023758972803558764,99.67714285714285,101.02066666666666,0.020588925434305773,97.12,1
2023-06-15,97.45,98.09,97.02,97.12,448558,0.0057995028997515075,99.01285714285714,100.95866666666666,0.020026880458907034,98.58,1
2023-06-16,98.18,99.3,98.12,98.58,568807,0.015032948929159629,99.05142857142857,100.89900000000002,0.020052356418234808,96.6,0
2023-06-19,96.34,97.07,96.03,96.6,347558,-0.020085209981740793,98.64,100.828,0.02016633290866356,96.09,0
2023-06-20,95.63,96.32,95.24,96.09,363376,-0.00527950310559,97.90999999999998,100.71433333333333,0.02012139303364622,96.95,1
2023-06-21,97.47,97.95,96.43,96.95,378383,0.008949942761993901,97.25857142857141,100.51700000000001,0.019123368240010145,95.98,0
2023-06-22,95.74,97.15,95.67,95.98,537481,-0.010005157297576006,96.84,100.37833333333333,0.01861728258145992,95.0,0
2023-06-23,95.22,95.6,94.76,95.0,845393,-0.010210460512606878,96.61714285714287,100.17699999999999,0.018583347319835762,95.1,1
2023-06-26,94.78,96.03,94.3,95.1,447860,0.001052631578947416,96.32857142857144,99.91033333333333,0.018113594541897912,95.45,1
2023-06-27,95.48,96.37,95.43,95.45,267886,0.003680336487907665,95.88142857142857,99.72,0.01788023910344062,98.48,1
2023-06-28,98.23,98.71,97.81,98.48,348199,0.031744368779465626,96.14999999999999,99.67866666666666,0.018726375692169443,98.13,0
2023-06-29,97.21,98.94,96.71,98.13,259117,-0.003554021121039863,96.44142857142857,99.63000000000001,0.01873525955725645,97.76,0
2023-06-30,97.79,98.47,97.55,97.76,534191,-0.0037705085091204182,96.55714285714285,99.51066666666667,0.018435163400082468,95.97,0
2023-07-03,96.18,96.33,95.45,95.97,446832,-0.018310147299509083,96.55571428571429,99.27166666666668,0.018343137391390218,96.05,1
2023-07-04,95.25,96.08,94.86,96.05,291001,0.0008335938314056879,96.7057142857143,98.99933333333334,0.01819672902391487,96.0,0
2023-07-05,95.94,96.18,95.76,96.0,384366,-0.0005205622071837723,96.8342857142857,98.754,0.018168020622878485,97.28,1
2023-07-06,97.12,97.46,96.41,97.28,637555,0.01333333333333342,97.0957142857143,98.526,0.018309837048537538,97.1,0
2023-07-07,96.68,98.2,96.42,97.1,529038,-0.0018503289473684736,96.89857142857143,98.28333333333333,0.0182893909710507,96.23,0
2023-07-10,96.13,96.73,95.85,96.23,353999,-0.008959835221421075,96.62714285714286,98.12633333333333,0.017403176124541557,96.96,1
2023-07-11,96.2,97.61,95.95,96.96,593211,0.0075859918944194416,96.51285714285714,98.008,0.01747135891215811,99.04,1
2023-07-12,99.14,99.7,98.54,99.04,515442,0.021452145214521545,96.95142857142856,97.889,0.017495836615924118,98.14,0
2023-07-13,98.61,98.68,98.1,98.14,357119,-0.00908723747980622,97.25,97.72166666666666,0.017512664335334008,98.68,1
2023-07-14,98.19,99.76,97.93,98.68,475405,0.005502343590788827,97.63285714285713,97.61733333333333,0.017417652857470618,100.99,1
2023-07-17,100.96,101.56,100.82,100.99,918407,0.023408998783948087,98.16285714285713,97.71399999999998,0.016607128346367468,101.07,1
2023-07-18,101.64,102.1,99.91,101.07,287924,0.000792157639370128,98.72999999999999,97.69066666666666,0.015117275481970832,103.45,1
2023-07-19,103.5,103.83,102.9,103.45,658383,0.023548036014643392,99.76142857142858,97.862,0.014299036180609124,102.39,0
2023-07-20,102.18,102.64,101.69,102.39,418906,-0.010246495891735208,100.53714285714285,97.959,0.014331174438533526,102.13,0
2023-07-21,101.76,102.78,101.16,102.13,566162,-0.0025393104795390364,100.97857142857143,97.99000000000001,0.014010533395829305,101.75,0
2023-07-24,101.82,101.87,101.43,101.75,517059,-0.0037207480661901604,101.49428571428572,97.998,0.014020803261481701,101.9,1
2023-07-25,101.84,102.03,101.05,101.9,493661,0.0014742014742015197,101.9542857142857,98.09766666666665,0.013147942995322234,103.73,1
2023-07-26,103.99,104.41,103.05,103.73,416483,0.017958783120706645,102.34571428571428,98.33666666666666,0.01262645061032816,102.9,0
2023-07-27,102.27,103.57,101.21,102.9,442956,-0.008001542466017475,102.60714285714286,98.52933333333334,0.012751640930824992,101.09,0
2023-07-28,101.53,102.39,100.51,101.09,576051,-0.017589893100097176,102.27,98.61300000000001,0.012991258594572444,103.4,1
2023-07-31,103.23,103.51,102.72,103.4,529126,0.02285092491838947,102.41428571428573,98.83966666666667,0.012962476056863662,104.95,1
2023-08-01,105.22,105.64,104.76,104.95,250333,0.014990328820116083,102.81714285714285,99.135,0.01307879444380133,101.66,0
2023-08-02,101.37,102.97,100.7,101.66,528572,-0.0313482610767033,102.80428571428571,99.29199999999999,0.014447274132965971,102.39,1
2023-08-03,101.86,103.01,101.27,102.39,737551,0.007180798740901162,102.87428571428573,99.50566666666667,0.014307884853091766,105.12,1
2023-08-04,104.88,105.64,104.59,105.12,627466,0.02666276003515966,103.07285714285715,99.843,0.014776155746788108,105.28,1
2023-08-07,104.88,106.3,103.18,105.28,480381,0.0015220700152207556,103.41285714285713,100.18233333333333,0.014773739311677615,104.37,0
2023-08-08,104.22,104.51,103.33,104.37,217173,-0.008643617021276584,103.88142857142859,100.47966666666667,0.014938989004937956,105.61,1
2023-08-09,105.89,106.7,105.16,105.61,557410,0.01188080866149277,104.19714285714285,100.71733333333333,0.014038223190360487,106.61,1
2023-08-10,107.07,107.37,106.35,106.61,573007,0.009468800303001679,104.4342857142857,101.0,0.014048216607805572,105.26,0
2023-08-11,105.35,105.45,104.58,105.26,783125,-0.012662977206641002,104.94857142857144,101.25,0.014284808373654425,104.23,0
2023-08-14,104.0,104.48,103.55,104.23,304891,-0.009785293558806751,105.21142857142857,101.52533333333334,0.013935743801066037,103.47,0
2023-08-15,103.28,103.92,102.91,103.47,403815,-0.00729156672742981,104.97571428571429,101.77266666666667,0.014054724504947852,102.41,0
2023-08-16,102.66,103.57,101.8,102.41,359742,-0.010244515318449832,104.5657142857143,101.98633333333332,0.014239579615340623,98.54,0
2023-08-17,98.99,99.69,98.38,98.54,398177,-0.037789278390782055,103.73285714285714,102.02833333333334,0.015837395109439257,95.45,0
2023-08-18,95.32,95.56,94.54,95.45,225585,-0.031357824233813725,102.28142857142858,101.97333333333334,0.016874005637583126,95.1,0
2023-08-21,95.05,95.17,94.5,95.1,367906,-0.0036668412781561965,100.63714285714286,101.93566666666668,0.016809322748646965,95.95,1
2023-08-22,95.66,96.26,94.86,95.95,373519,0.008937960042061155,99.30714285714285,101.902,0.016832869332316536,94.08,0
2023-08-23,94.16,94.79,93.43,94.08,381420,-0.019489317352787916,97.85714285714286,101.73666666666668,0.016674850392994548,94.95,1
2023-08-24,95.32,95.83,93.61,94.95,822556,0.009247448979591955,96.64,101.63033333333333,0.016725984801902138,94.94,0
2023-08-25,93.84,95.08,92.89,94.94,345263,-0.00010531858873097377,95.57285714285715,101.50566666666667,0.016682493804647747,94.26,0
2023-08-28,94.36,94.81,93.73,94.26,370760,-0.007162418369496493,94.96142857142857,101.28133333333334,0.016052278534610533,96.04,1
2023-08-29,95.83,96.96,95.49,96.04,683284,0.018883938043708914,95.04571428571428,101.11366666666667,0.016501006869255378,99.25,1
2023-08-30,98.33,99.42,97.73,99.25,353939,0.033423573511037086,95.63857142857144,100.97366666666667,0.017106720398033567,99.31,1
2023-08-31,99.43,99.81,98.51,99.31,704599,0.0006045340050377934,96.11857142857143,100.87100000000001,0.017024212185259305,99.94,1
2023-09-01,99.9,100.13,99.33,99.94,525335,0.006343772026986105,96.95571428571428,100.798,0.017071489889401683,99.66,0
2023-09-04,99.81,99.81,99.58,99.66,344762,-0.002801681008605228,97.62857142857142,100.72833333333332,0.017066485018101193,101.38,1
2023-09-05,100.82,101.63,100.2,101.38,334191,0.017258679510335106,98.54857142857142,100.71100000000001,0.017371636856714515,101.15,0
2023-09-06,102.01,102.06,101.0,101.15,464885,-0.0022686920497138052,99.53285714285714,100.625,0.01703895341983832,98.91,0
2023-09-07,98.96,99.8,98.29,98.91,407837,-0.0221453287197233,99.94285714285715,100.492,0.017438975482707543,96.29,0
2023-09-08,96.15,97.21,96.0,96.29,457155,-0.026488727125669742,99.52,100.33200000000001,0.017799850486636067,95.19,0
2023-09-11,95.77,95.91,95.16,95.19,351504,-0.011423823865406635,98.93142857142857,100.05833333333334,0.017277509377537817,93.18,0
2023-09-12,93.42,94.02,92.92,93.18,554146,-0.021115663410021912,97.96571428571428,99.666,0.017266833881172037,91.77,0
2023-09-13,92.07,93.25,91.66,91.77,338455,-0.015132002575660164,96.83857142857143,99.33633333333334,0.016616684107621283,90.79,0
2023-09-14,91.21,91.25,90.44,90.79,366190,-0.010678871090770259,95.3257142857143,98.94966666666666,0.016549070517649273,89.58,0
2023-09-15,88.84,89.98,88.83,89.58,409742,-0.013327458971252426,93.67285714285713,98.43166666666666,0.015587773726451242,90.11,1
2023-09-18,90.71,91.31,88.77,90.11,269020,0.0059164992185756216,92.41571428571429,97.926,0.015673535188362658,88.67,0
2023-09-19,88.55,89.31,88.42,88.67,388381,-0.015980468316502017,91.32714285714287,97.40266666666666,0.015788299734710243,86.85,0
2023-09-20,86.95,87.11,86.24,86.85,405511,-0.02052554415247554,90.13571428571427,96.77733333333335,0.015680623575640627,84.32,0
2023-09-21,84.63,85.01,84.06,84.32,249824,-0.02913068508923433,88.87,96.03433333333334,0.015917274220688817,86.13,1
2023-09-22,85.89,86.89,85.39,86.13,218197,0.021465844402277057,88.06428571428572,95.39666666666666,0.016745815054781604,85.76,0
2023-09-25,85.87,86.0,84.97,85.76,713379,-0.0042958318820386365,87.34571428571428,94.78099999999999,0.016738981423707132,86.16,1
2023-09-26,86.42,86.94,85.5,86.16,395442,0.004664179104477473,86.85714285714286,94.204,0.016857562066253683,86.69,1
2023-09-27,86.68,86.96,86.4,86.69,415459,0.006151346332404772,86.36857142857143,93.68,0.016978745875018558,84.48,0
2023-09-28,84.65,84.68,84.36,84.48,342693,-0.02549313646325979,85.77,93.21133333333334,0.01630493434800696,84.36,0
2023-09-29,83.82,84.46,83.72,84.36,813799,-0.0014204545454545858,85.41428571428573,92.84166666666667,0.015533350129599974,84.19,0
2023-10-02,83.79,84.31,83.48,84.19,404844,-0.002015173067804632,85.39571428571428,92.47800000000001,0.015537468170572362,82.08,0
2023-10-03,81.7,82.86,81.7,82.08,218350,-0.02506235894999409,84.81714285714285,92.01566666666668,0.015803723925165457,81.16,0
2023-10-04,81.28,81.76,80.45,81.16,531354,-0.011208576998050668,84.16,91.585,0.015614377179953896,81.81,1
2023-10-05,83.03,83.74,81.55,81.81,299820,0.008008871365204673,83.53857142857143,91.14699999999999,0.015577563837873343,82.97,1
2023-10-06,83.06,83.64,82.05,82.97,520364,0.01417919569734738,83.00714285714285,90.748,0.015941199048643693,86.95,1
2023-10-09,86.9,87.25,86.71,86.95,416789,0.047969145474267894,83.36,90.50433333333334,0.01856824884066138,90.09,1
2023-10-10,90.06,90.46,89.91,90.09,722461,0.03611270845313408,84.17857142857143,90.306,0.019496357665035508,89.99,0
2023-10-11,90.34,90.34,89.5,89.99,529222,-0.0011100011100012575,85.00714285714285,89.99733333333332,0.01831994167895685,90.14,1
2023-10-12,90.4,90.62,89.66,90.14,379016,0.0016668518724303194,86.15857142857142,89.69166666666666,0.018328370467407176,89.85,0
2023-10-13,89.44,90.16,88.89,89.85,768209,-0.0032172176614156944,87.39999999999999,89.35533333333333,0.018242085445778038,88.62,0
2023-10-16,88.98,89.03,88.34,88.62,1280197,-0.013689482470784498,88.37285714285714,88.98733333333332,0.018338203150843183,89.65,1
2023-10-17,89.64,90.89,89.32,89.65,357290,0.01162265854208977,89.32714285714285,88.59633333333333,0.018143449368542567,91.31,1
2023-10-18,91.61,91.87,90.44,91.31,674903,0.018516452872280986,89.95,88.26833333333335,0.01860027854686165,90.27,0
2023-10-19,89.55,90.36,89.46,90.27,510811,-0.011389771109407532,89.97571428571428,87.98033333333333,0.018324924107700074,89.03,0
2023-10-20,88.47,89.28,88.02,89.03,526234,-0.013736568073557054,89.83857142857143,87.73833333333333,0.017901436782303826,88.16,0
2023-10-23,88.37,88.74,87.71,88.16,271404,-0.009771986970684043,89.5557142857143,87.50399999999999,0.017875423797712967,84.68,0
2023-10-24,84.07,84.73,83.76,84.68,300972,-0.039473684210526216,88.81714285714285,87.22066666666666,0.018827077852182142,84.9,1
2023-10-25,85.04,85.56,84.88,84.9,770068,0.0025980160604628377,88.28571428571429,86.99166666666666,0.01871145369678658,87.66,1
2023-10-26,87.77,88.15,87.63,87.66,468756,0.03250883392226145,88.00142857142858,86.88733333333333,0.019690044898877466,87.66,0
2023-10-27,87.72,87.86,87.37,87.66,358515,0.0,87.48,86.82333333333334,0.019551768915661735,85.82,0
2023-10-30,85.94,86.42,84.86,85.82,896402,-0.02099018936801278,86.8442857142857,86.68033333333332,0.019860181023629093,85.83,1
2023-10-31,85.92,86.22,85.78,85.83,714687,0.00011652295502218024,86.38714285714286,86.58566666666665,0.01967018853930638,86.7,1
2023-11-01,86.85,86.86,86.04,86.7,590436,0.010136315973436005,86.17857142857143,86.58066666666667,0.01941006762254475,86.25,0
2023-11-02,86.11,86.59,85.81,86.25,301338,-0.005190311418685201,86.40285714285714,86.645,0.018642817481174863,84.82,0
2023-11-03,84.81,85.02,84.56,84.82,440654,-0.01657971014492765,86.39142857142858,86.60133333333334,0.01849051610248497,84.74,0
2023-11-06,85.74,85.92,84.63,84.74,789473,-0.0009431737797689355,85.9742857142857,86.56733333333334,0.018475949081061278,84.51,0
2023-11-07,84.89,85.66,84.17,84.51,199108,-0.0027141845645503038,85.52428571428571,86.51233333333334,0.01845758832813313,84.79,1
2023-11-08,84.99,85.61,84.43,84.79,237011,0.0033132173707253187,85.37714285714287,86.44900000000001,0.01842967629133382,86.02,1
2023-11-09,86.16,86.9,85.66,86.02,323217,0.014506427644769282,85.40428571428572,86.50033333333334,0.018006855989328337,84.69,0
2023-11-10,84.44,84.83,84.33,84.69,649425,-0.0154615205766101,85.11714285714287,86.51133333333334,0.018246319141022416,84.28,0
2023-11-13,84.36,84.51,84.15,84.28,484815,-0.004841185500058964,84.83571428571429,86.51433333333333,0.018265915101426965,84.37,1
2023-11-14,84.29,84.84,83.96,84.37,533138,0.0010678690080683229,84.77142857142857,86.59066666666666,0.017631955714832455,85.15,1
2023-11-15,85.47,85.99,84.83,85.15,478441,0.009244992295839749,84.83000000000001,86.72366666666667,0.01753611144072736,85.09,0
2023-11-16,84.78,85.27,84.6,85.09,461525,-0.0007046388725778785,84.91285714285713,86.83300000000001,0.017500973475807428,86.33,1
2023-11-17,85.52,86.97,84.82,86.33,712728,0.014572805265013367,85.13285714285715,86.945,0.017510983835600406,86.59,1
2023-11-20,86.39,86.8,86.23,86.59,1836331,0.0030116992934090536,85.21428571428571,86.933,0.015160467493758807,84.1,0
2023-11-21,84.33,84.5,84.04,84.1,533485,-0.028756207414251223,85.13000000000001,86.73333333333333,0.014436950585996427,86.16,1
2023-11-22,87.0,88.11,85.88,86.16,743923,0.024494649227110532,85.39857142857143,86.60566666666666,0.01523762319728858,85.1,0
2023-11-23,85.45,86.13,85.06,85.1,373163,-0.012302692664809656,85.50285714285714,86.43766666666666,0.015355683664284945,86.65,1
2023-11-24,86.31,87.21,86.26,86.65,834700,0.01821386603995312,85.71714285714286,86.33099999999999,0.015780197767506082,88.74,1
2023-11-27,88.66,88.83,88.25,88.74,461119,0.02412002308136163,86.23857142857142,86.33500000000001,0.01624210341323981,87.45,0
2023-11-28,87.11,87.47,86.79,87.45,477026,-0.014536849222447468,86.39857142857143,86.26166666666667,0.016308283831799216,85.07,0
2023-11-29,85.01,85.85,84.59,85.07,370457,-0.027215551743853705,86.18142857142857,86.05366666666667,0.01658522456308704,84.54,0
2023-11-30,84.23,85.38,83.58,84.54,328772,-0.0062301633948511626,86.24428571428572,85.86266666666667,0.016513490084790753,83.64,0
2023-12-01,83.09,84.2,82.24,83.64,358424,-0.010645848119233525,85.88428571428572,85.68299999999999,0.016447585023627816,84.41,1
2023-12-04,84.56,84.96,84.34,84.41,302450,0.009206121472979278,85.78571428571429,85.55799999999999,0.01650117925900238,80.24,0
2023-12-05,80.31,80.8,79.87,80.24,266674,-0.049401729652884696,84.87,85.41000000000001,0.017369538529590944,80.7,1
2023-12-06,80.65,81.02,80.1,80.7,922085,0.005732801595214498,83.72142857142856,85.27,0.017405347368565974,79.66,0
2023-12-07,79.77,80.36,79.18,79.66,530316,-0.012887236679058334,82.60857142857142,85.00333333333334,0.016279853656352542,77.59,0
2023-12-08,78.22,78.34,77.11,77.59,657546,-0.025985438111975845,81.53999999999999,84.66766666666666,0.01679482189887627,77.6,1
2023-12-11,77.64,77.72,76.74,77.6,543468,0.00012888258796217578,80.54857142857144,84.39366666666666,0.016494638195862065,76.63,0
2023-12-12,76.52,76.81,76.02,76.63,253144,-0.012499999999999956,79.54714285714286,84.08699999999999,0.01656737381829601,77.92,1
2023-12-13,78.19,78.51,77.77,77.92,450687,0.016834138066031734,78.62,83.79433333333333,0.0168028555670267,78.63,1
2023-12-14,78.11,78.7,77.55,78.63,312690,0.00911190965092401,78.39,83.54033333333334,0.016952972461004075,77.52,0
2023-12-15,77.75,77.86,77.17,77.52,323516,-0.014116749332315881,77.93571428571428,83.297,0.01689048095763688,77.99,1
2023-12-18,77.74,78.63,77.72,77.99,425265,0.006062951496387914,77.69714285714285,83.07199999999999,0.0169661086312298,77.46,0
2023-12-19,77.2,78.19,77.0,77.46,475072,-0.006795743043980007,77.67857142857143,82.83699999999999,0.01698322493758729,80.53,1
2023-12-20,80.57,81.06,80.04,80.53,461503,0.03963335915311128,78.09714285714286,82.695,0.018644320881959824,79.36,0
2023-12-21,79.89,80.68,79.18,79.36,467722,-0.014528747050788549,78.48714285714286,82.47299999999998,0.018535488723062127,80.51,1
2023-12-22,80.27,80.97,79.78,80.51,396686,0.014490927419354982,78.85714285714286,82.33366666666666,0.018620621229624587,81.18,1
2023-12-25,81.49,82.22,80.92,81.18,450312,0.008321947584151168,79.22142857142856,82.23033333333333,0.018694539064518276,80.33,0
2023-12-26,80.45,80.68,80.32,80.33,730658,-0.010470559251047118,79.62285714285714,82.09566666666667,0.01876740677782757,78.94,0
2023-12-27,78.5,78.95,78.09,78.94,1060425,-0.017303622556952614,79.75857142857144,81.88866666666667,0.018870711252313696,78.81,0
2023-12-28,79.1,79.32,78.78,78.81,693947,-0.0016468203699011585,79.95142857142856,81.67933333333333,0.01886866552399094,77.82,0
2023-12-29,77.56,77.86,77.2,77.82,407255,-0.012561857632280238,79.56428571428572,81.39566666666666,0.01867740768088218,80.51,1
2024-01-01,80.04,81.36,78.85,80.51,519857,0.03456694937034199,79.72857142857143,81.193,0.019893157658233244,76.45,0
2024-01-02,76.21,77.03,75.96,76.45,651477,-0.05042851819649741,79.14857142857143,80.938,0.02123765189332509,76.49,1
2024-01-03,76.27,76.72,76.03,76.49,663360,0.000523217789404784,78.47857142857143,80.61566666666667,0.020610990488723408,76.05,0
2024-01-04,76.23,76.35,75.59,76.05,723347,-0.005752385932801696,77.86714285714287,80.31400000000001,0.020551914253748835,77.07,1
2024-01-05,76.84,77.36,76.26,77.07,728611,0.013412228796844117,77.60000000000001,79.99466666666667,0.02039479111829368,78.59,1
2024-01-08,79.06,79.5,78.46,78.59,522477,0.01972233034903348,77.56857142857143,79.65633333333332,0.02020287211452632,78.76,1
2024-01-09,78.83,79.74,78.52,78.76,397918,0.002163125079526651,77.70285714285716,79.36666666666666,0.020127961930159,78.45,0
2024-01-10,78.23,79.02,77.99,78.45,241107,-0.003936008125952295,77.40857142857143,79.14599999999999,0.019615804914072905,77.6,0
2024-01-11,77.34,78.06,77.25,77.6,680566,-0.01083492670490771,77.57285714285715,78.91466666666666,0.01966388097881714,77.9,1
2024-01-12,77.97,78.16,77.57,77.9,567746,0.0038659793814435073,77.77428571428571,78.72333333333333,0.019639207467895083,79.59,1
2024-01-15,78.94,80.3,78.13,79.59,316051,0.0216944801026957,78.28,78.56266666666667,0.020017562930775813,77.93,0
2024-01-16,77.26,79.07,76.41,77.93,446830,-0.0208568915692926,78.40285714285714,78.48566666666666,0.018277874810721847,79.47,1
2024-01-17,79.19,79.59,79.13,79.47,378913,0.019761324265366254,78.52857142857144,78.44466666666668,0.018627185671936986,80.79,1
2024-01-18,81.0,81.39,80.0,80.79,372705,0.016610041525103814,78.81857142857143,78.48233333333333,0.018720518777710526,80.2,0
2024-01-19,80.26,80.49,79.48,80.2,888748,-0.007302884020299549,79.06857142857143,78.56933333333333,0.018104900996349163,79.3,0
2024-01-22,79.31,79.6,78.92,79.3,384716,-0.01122194513715713,79.31142857142858,78.626,0.01824744866192506,78.87,0
2024-01-23,78.81,79.07,78.49,78.87,1166394,-0.005422446406052828,79.45000000000002,78.70066666666666,0.018113705498042424,79.12,1
2024-01-24,78.43,79.42,78.3,79.12,420445,0.003169773044249924,79.38285714285715,78.74066666666667,0.017875163227469893,78.28,0
2024-01-25,78.18,78.61,77.36,78.28,333254,-0.010616784630940401,79.43285714285715,78.729,0.01791652190796905,79.39,1
2024-01-26,78.82,79.59,78.66,79.39,467168,0.0141798671435871,79.42142857142858,78.79133333333333,0.01789217364124239,77.38,0
2024-01-29,77.64,78.11,77.18,77.38,1158281,-0.02531805013225852,78.9342857142857,78.771,0.018490263638182087,78.42,1
2024-01-30,78.42,78.84,77.87,78.42,416918,0.013440165417420546,78.67999999999999,78.80300000000001,0.018606173130569698,76.63,0
2024-01-31,76.61,76.8,76.43,76.63,543383,-0.022825809742412773,78.29857142857144,78.673,0.017549864820291076,77.03,1
2024-02-01,77.16,77.37,76.87,77.03,179821,0.005219887772413001,78.03571428571429,78.59533333333334,0.017414305140993437,79.18,1
2024-02-02,79.28,79.36,79.0,79.18,559852,0.027911203427236186,78.0442857142857,78.551,0.01798487323054775,76.54,0
2024-02-05,76.61,76.63,76.52,76.54,256243,-0.03334175296792119,77.7957142857143,78.39633333333335,0.018874918490827165,75.39,0
2024-02-06,75.49,76.05,74.21,75.39,422467,-0.015024823621635819,77.2242857142857,78.23166666666665,0.01896526872382356,76.09,1
2024-02-07,75.91,76.16,75.25,76.09,761733,0.00928505106778088,77.03999999999999,78.13666666666668,0.01884334410013881,74.35,0
2024-02-08,73.95,74.49,73.74,74.35,400319,-0.02286765672230262,76.45857142857143,77.988,0.019260130585065705,74.77,1
2024-02-09,74.87,75.7,74.04,74.77,589018,0.005648957632817808,76.19285714285715,77.88633333333334,0.019194798773727498,73.62,0
2024-02-12,74.05,74.36,73.19,73.62,404518,-0.0153805002006151,75.7057142857143,77.65666666666667,0.018126150887087977,71.29,0
2024-02-13,71.58,72.16,71.17,71.29,386982,-0.03164900842162455,74.57857142857142,77.48466666666667,0.016692815539114704,73.38,1
2024-02-14,73.31,73.5,73.3,73.38,494157,0.02931687473698963,74.12714285714286,77.381,0.01765436678944769,73.08,0
2024-02-15,73.25,74.01,73.05,73.08,682251,-0.00408830744071953,73.79714285714286,77.282,0.017642283248898022,71.7,0
2024-02-16,71.57,72.51,70.71,71.7,459929,-0.018883415435139494,73.16999999999999,77.10300000000001,0.017706622342188904,71.3,0
2024-02-19,71.41,71.53,70.9,71.3,438912,-0.005578800557880181,72.73428571428572,76.86,0.017219706606919686,70.37,0
2024-02-20,70.19,70.85,69.66,70.37,301768,-0.01304347826086949,72.10571428571428,76.58033333333333,0.01728325195670075,69.4,0
2024-02-21,69.44,69.65,69.4,69.4,225630,-0.013784283075174097,71.50285714285715,76.27866666666667,0.017383035629839207,71.08,1
2024-02-22,71.65,71.78,70.54,71.08,465376,0.02420749279538903,71.47285714285714,76.06133333333332,0.01806704483804656,70.49,0
2024-02-23,70.71,70.89,70.3,70.49,411118,-0.008300506471581315,71.06,75.81433333333334,0.018049650878436258,71.19,1
2024-02-26,71.62,72.15,71.12,71.19,492135,0.009930486593843213,70.79,75.53433333333334,0.01761338045439808,71.55,1
2024-02-27,71.32,72.07,70.4,71.55,668940,0.005056890012642201,70.76857142857143,75.32166666666667,0.017369645993074005,71.8,1
2024-02-28,71.6,72.51,71.35,71.8,612850,0.0034940600978337066,70.84,75.066,0.01689170671054842,70.3,0
2024-02-29,70.29,70.87,70.09,70.3,311232,-0.02089136490250698,70.83,74.71633333333332,0.016759229755013476,69.03,0
2024-03-01,69.18,69.46,68.86,69.03,489252,-0.018065433854907442,70.77714285714285,74.34400000000001,0.016935795836086658,68.66,0
2024-03-04,68.6,68.9,68.45,68.66,493813,-0.0053599884108359586,70.43142857142857,73.98933333333333,0.01689348497631942,69.85,1
2024-03-05,70.14,70.49,69.37,69.85,400344,0.017331779784445,70.34,73.68866666666668,0.017362040060768483,68.06,0
2024-03-06,67.92,68.82,67.82,68.06,179785,-0.025626342161775173,69.89285714285714,73.32,0.01774971153812599,65.8,0
2024-03-07,66.16,66.29,65.74,65.8,320440,-0.033205994710549636,69.07142857142857,72.904,0.01846723749549026,66.23,1
2024-03-08,66.49,66.54,65.53,66.23,424798,0.006534954407295013,68.27571428571429,72.46533333333333,0.01823608049471561,66.79,1
2024-03-11,66.49,67.06,66.34,66.79,596194,0.008455382757058816,67.77428571428571,72.11233333333332,0.018034934723450687,66.6,0
2024-03-12,66.75,67.08,66.52,66.6,389108,-0.002844737236113337,67.42714285714285,71.71833333333333,0.017711156183357935,66.7,1
2024-03-13,66.64,67.44,65.86,66.7,252501,0.0015015015015016342,67.14714285714285,71.38733333333333,0.01743482703822656,65.73,0
2024-03-14,66.0,66.5,65.68,65.73,758458,-0.014542728635682178,66.55857142857143,71.01066666666667,0.017429509699798285,66.43,1
2024-03-15,66.29,66.7,65.94,66.43,433657,0.010649627263045858,66.32571428571428,70.58566666666665,0.016564710933151407,64.13,0
2024-03-18,64.21,64.53,63.83,64.13,366699,-0.034622911335240314,66.08714285714287,70.17200000000001,0.016639906061994315,65.39,1
2024-03-19,65.54,65.63,65.3,65.39,543905,0.01964759083112444,65.96714285714286,69.83866666666667,0.017168834352688615,64.64,0
2024-03-20,63.92,64.92,63.87,64.64,579522,-0.01146964367640313,65.66,69.45700000000001,0.017007894770005333,67.58,1
2024-03-21,67.08,67.82,66.48,67.58,425824,0.0454826732673268,65.8,69.23133333333334,0.019028760653662304,68.19,1
2024-03-22,68.22,68.38,68.04,68.19,347921,0.00902633915359563,66.01285714285714,69.012,0.019091597896228947,69.36,1
2024-03-25,69.33,69.58,69.11,69.36,349991,0.017157941047074354,66.53142857142858,68.86999999999999,0.019280867554590325,70.15,1
2024-03-26,70.43,70.52,70.07,70.15,603164,0.011389850057670126,67.06285714285714,68.83200000000001,0.018571888761602144,70.28,1
2024-03-27,70.34,70.53,70.24,70.28,415306,0.0018531717747682919,67.94142857142857,68.72866666666667,0.01771516182779278,71.94,1
2024-03-28,71.58,73.16,71.13,71.94,535137,0.023619806488332395,68.87714285714286,68.69066666666667,0.018277413880947984,72.83,1
2024-03-29,72.93,73.35,72.67,72.83,204614,0.012371420628301433,70.04714285714286,68.72833333333332,0.01807496720146307,74.54,1
2024-04-01,74.31,74.71,74.22,74.54,359996,0.02347933543869285,71.04142857142857,68.83633333333334,0.01850160190172243,74.41,0
2024-04-02,74.34,74.43,74.02,74.41,376333,-0.0017440300509794504,71.92999999999999,68.971,0.01830619330543126,73.77,0
2024-04-03,73.62,73.83,72.85,73.77,362994,-0.008600994489987968,72.55999999999999,69.11666666666666,0.018175839939430703,75.48,1
2024-04-04,75.58,76.32,75.03,75.48,201354,0.02318015453436373,73.32142857142857,69.26333333333334,0.018133860263269255,75.92,1
2024-04-05,75.49,76.32,74.98,75.92,366409,0.005829358770535142,74.12714285714286,69.44433333333333,0.018035954015631545,78.21,1
2024-04-08,77.86,78.58,77.53,78.21,820241,0.030163329820863893,75.02285714285713,69.67833333333333,0.01868482295292587,79.06,1
2024-04-09,78.36,79.22,77.98,79.06,494235,0.010868175425137627,75.91285714285713,69.92866666666667,0.018733634999641036,78.56,0
2024-04-10,79.24,79.58,77.8,78.56,354600,-0.006324310650139164,76.48714285714286,70.154,0.018819347889484542,79.67,1
2024-04-11,79.36,79.87,79.27,79.67,328286,0.014129327902240307,77.23857142857143,70.46633333333332,0.01835550068424444,80.52,1
2024-04-12,80.24,80.6,79.53,80.52,254519,0.010669009664867612,78.20285714285716,70.84933333333333,0.017889714457284708,81.04,1
2024-04-15,80.67,81.26,80.53,81.04,478879,0.0064580228514656834,78.99714285714286,71.262,0.01777664635924348,81.11,1
2024-04-16,80.9,81.49,80.42,81.11,319707,0.0008637709772951752,79.73857142857142,71.63733333333333,0.017658753461589866,79.48,0
2024-04-17,79.34,79.99,79.29,79.48,372969,-0.020096165700900004,79.92,72.018,0.017352667994667552,80.17,1
2024-04-18,80.37,80.66,79.97,80.17,623625,0.008681429290387399,80.07857142857144,72.49700000000001,0.01575690269676221,78.5,0
2024-04-19,78.56,78.99,78.32,78.5,636664,-0.02083073468878638,80.07000000000001,72.906,0.01654093102275658,78.13,0
2024-04-22,78.23,78.26,77.34,78.13,559181,-0.004713375796178365,79.85000000000001,73.284,0.01664282081858364,80.5,1
2024-04-23,80.31,80.88,80.15,80.5,225147,0.030334058620248294,79.84714285714287,73.74733333333332,0.017171805813557102,80.2,0
2024-04-24,80.18,80.55,79.72,80.2,348288,-0.003726708074534124,79.72714285714287,74.19733333333333,0.01725042795013044,81.62,1
2024-04-25,82.02,82.43,80.63,81.62,698758,0.017705735660847877,79.8,74.727,0.01690781670766081,80.98,0
2024-04-26,80.97,81.26,80.14,80.98,271805,-0.007841215388385225,80.01428571428572,75.212,0.017120254319462822,80.82,0
2024-04-29,80.92,81.64,80.81,80.82,720131,-0.0019757964929613125,80.10714285714286,75.76833333333335,0.015344240201242266,80.74,0
2024-04-30,80.09,81.19,79.73,80.74,431470,-0.0009898539965355058,80.42714285714285,76.28,0.015259602969393127,81.83,1
2024-05-01,82.0,82.3,80.83,81.83,636742,0.01350012385434729,80.9557142857143,76.853,0.014884509115368972,83.05,1
2024-05-02,83.13,83.97,82.48,83.05,369149,0.014908957595014094,81.32000000000001,77.36866666666667,0.013178314040542614,81.01,0
2024-05-03,81.43,81.67,80.1,81.01,273449,-0.02456351595424433,81.43571428571428,77.79599999999999,0.014371243869849847,85.64,1
2024-05-06,84.7,85.9,83.66,85.64,290449,0.05715343784717941,82.00999999999999,78.33866666666668,0.017059344092707204,86.9,1
2024-05-07,86.91,87.79,86.33,86.9,779727,0.014712751050910855,82.85571428571428,78.89699999999999,0.01709828477256154,89.0,1
2024-05-08,88.96,89.26,88.14,89.0,382820,0.024165707710011475,84.02428571428572,79.521,0.017336693221836997,88.77,0
2024-05-09,88.79,89.52,88.59,88.77,266985,-0.002584269662921357,85.17142857142858,80.08200000000001,0.017184446010133372,90.91,1
2024-05-10,90.68,91.07,90.57,90.91,603455,0.024107243438098447,86.46857142857142,80.68466666666667,0.017438571758755742,89.09,0
2024-05-13,89.16,89.85,88.43,89.09,234839,-0.02001979980200186,87.33142857142857,81.16966666666667,0.01787263595591571,90.32,1
2024-05-14,90.57,90.96,89.54,90.32,407932,0.013806263329217527,88.66142857142857,81.7,0.017862370810246924,91.86,1
2024-05-15,91.87,92.49,91.85,91.86,498462,0.01705048715677604,89.55,82.30300000000001,0.01772142148649844,91.6,0
2024-05-16,91.49,92.29,91.36,91.6,489405,-0.00283039407794472,90.22142857142858,82.84033333333333,0.017562751158272917,93.6,1
2024-05-17,93.51,94.11,92.76,93.6,515333,0.02183406113537112,90.8785714285714,83.42966666666666,0.01777963676471382,94.06,1
2024-05-20,93.91,95.08,93.74,94.06,419832,0.004914529914529897,91.63428571428571,83.958,0.01724236740346183,94.03,0
2024-05-21,94.04,94.96,93.91,94.03,162659,-0.0003189453540293208,92.08,84.45700000000001,0.01726139997290691,94.38,1
2024-05-22,94.1,95.1,93.91,94.38,479790,0.003722216313942317,92.83571428571427,84.98433333333334,0.017112081107089075,98.3,1
2024-05-23,97.51,98.52,96.91,98.3,427293,0.0415342233524052,93.97571428571429,85.60533333333333,0.01824016745436483,98.18,0
2024-05-24,98.7,99.05,97.66,98.18,401661,-0.0012207527975583998,94.87857142857142,86.194,0.0182910173002848,96.85,0
2024-05-27,96.16,97.23,95.9,96.85,528967,-0.013546547158280853,95.62857142857142,86.721,0.018664422132201142,98.19,1
2024-05-28,98.13,98.74,97.85,98.19,591053,0.013835828600929245,96.2842857142857,87.29033333333334,0.018688589056016915,97.38,0
2024-05-29,96.86,97.66,95.97,97.38,473526,-0.008249312557286892,96.75857142857141,87.88699999999999,0.01822540445342024,96.34,0
2024-05-30,96.22,97.12,96.21,96.34,792151,-0.010679811049496779,97.08857142857143,88.42599999999999,0.018502734988637207,93.02,0
2024-05-31,92.66,93.64,92.13,93.02,1045715,-0.03446128295619688,96.89428571428572,88.91,0.019340482867342704,93.68,1
2024-06-03,93.65,93.98,93.39,93.68,487486,0.007095248333691906,96.23428571428572,89.42833333333334,0.019237930605362778,92.47,0
2024-06-04,92.15,92.67,91.63,92.47,378221,-0.012916310845431322,95.41857142857144,89.82733333333334,0.0189894948694086,93.45,1
2024-06-05,92.96,93.46,91.79,93.45,258965,0.010598031794095464,94.93285714285715,90.26899999999999,0.018947643139706098,95.63,1
2024-06-06,95.73,96.09,95.54,95.63,547526,0.02332798287854465,94.56714285714285,90.736,0.019101942245318835,92.29,0
2024-06-07,92.77,92.97,92.18,92.29,213506,-0.034926278364529884,93.84000000000002,91.113,0.020351907278078875,90.61,0
2024-06-10,90.72,90.82,90.4,90.61,853080,-0.018203489002058815,93.02142857142857,91.43933333333332,0.020743661208193133,90.56,0
2024-06-11,90.59,91.06,90.18,90.56,642746,-0.0005518154729058367,92.67,91.76666666666667,0.020740163286954178,88.21,0
2024-06-12,87.83,88.33,87.71,88.21,352212,-0.025949646643109614,91.88857142857144,91.97933333333334,0.02136099519439669,88.59,1
2024-06-13,88.55,89.07,88.05,88.59,570764,0.004307901598458397,91.3342857142857,92.164,0.021239827873212467,88.39,0
2024-06-14,88.54,88.64,87.6,88.39,306751,-0.0022575911502427104,90.61142857142856,92.41000000000001,0.0206465564313678,90.23,1
2024-06-17,89.99,90.24,89.67,90.23,279625,0.020816834483538882,89.84,92.563,0.018299536672803655,86.99,0
2024-06-18,87.29,87.85,86.76,86.99,589875,-0.03590823451180325,89.08285714285714,92.56599999999999,0.019379672660342556,86.36,0
2024-06-19,86.33,86.94,85.96,86.36,289257,-0.0072422117484768345,88.47571428571429,92.478,0.018883270702983474,85.7,0
2024-06-20,85.81,86.53,85.33,85.7,479467,-0.007642427049559974,87.78142857142858,92.37566666666666,0.018922011436705778,84.74,0
2024-06-21,84.55,85.14,83.64,84.74,412742,-0.011201866977829766,87.28571428571429,92.17,0.018397376907301814,82.41,0
2024-06-24,82.23,82.43,81.69,82.41,812122,-0.027495869719140864,86.40285714285714,91.94733333333332,0.01869562999171797,82.02,0
2024-06-25,82.08,82.25,81.09,82.02,492629,-0.004732435384055322,85.49285714285715,91.67066666666666,0.018445328103070785,80.43,0
2024-06-26,80.54,80.69,79.81,80.43,817410,-0.019385515727871172,84.09285714285714,91.28966666666666,0.01827541353118465,78.48,0
2024-06-27,78.58,79.33,78.29,78.48,614368,-0.024244684819097362,82.87714285714286,90.85233333333333,0.018632455899252633,78.75,1
2024-06-28,78.41,79.2,76.81,78.75,319430,0.0034403669724769603,81.78999999999999,90.35733333333334,0.01801227922422131,78.18,0
2024-07-01,77.94,78.97,77.58,78.18,272325,-0.007238095238095155,80.71571428571428,89.828,0.01790434371517344,80.01,1
2024-07-02,79.99,80.06,79.71,80.01,186660,0.023407521105141882,80.03999999999999,89.36066666666667,0.018671091450863594,79.69,0
2024-07-03,79.08,80.97,78.88,79.69,440071,-0.003999500062492278,79.65142857142858,88.871,0.018596944727892972,80.72,1
2024-07-04,81.04,81.06,80.07,80.72,142661,0.012925084703224954,79.46571428571428,88.28500000000001,0.016745587262023316,78.42,0
2024-07-05,78.51,78.66,78.02,78.42,312451,-0.028493557978196193,79.17857142857143,87.62633333333333,0.01718859871194982,77.15,0
2024-07-08,77.15,77.64,76.94,77.15,165362,-0.016194848252996663,78.98857142857142,86.96966666666667,0.017228438901739782,78.14,1
2024-07-09,77.9,79.28,77.82,78.14,338153,0.012832145171743248,78.90142857142857,86.30133333333333,0.01718668799770576,76.04,0
2024-07-10,76.28,76.87,75.95,76.04,575175,-0.026874840030714053,78.5957142857143,85.59,0.01754948672087297,75.76,0
2024-07-11,75.66,76.2,75.0,75.76,305234,-0.0036822724881641067,77.98857142857142,84.904,0.017559987721128933,75.94,1
2024-07-12,76.51,76.52,75.87,75.94,347343,0.002375923970432847,77.45285714285714,84.33466666666666,0.01690931814677534,73.3,0
2024-07-15,73.4,73.69,73.21,73.3,360837,-0.03476428759547012,76.39285714285714,83.65533333333333,0.01745836994216309,74.79,1
2024-07-16,74.33,75.24,74.12,74.79,482393,0.020327421555252467,75.87428571428572,83.066,0.018175581365016548,75.63,1
2024-07-17,75.84,76.12,75.01,75.63,239533,0.011231448054552562,75.65714285714286,82.47200000000001,0.01819694961667929,72.32,0
2024-07-18,72.15,72.54,71.92,72.32,452046,-0.043765701441227045,74.82571428571428,81.695,0.018478808229044883,71.56,0
2024-07-19,71.4,71.71,70.97,71.56,415277,-0.01050884955752196,74.1857142857143,81.004,0.017828479847369516,70.7,0
2024-07-22,70.62,70.82,70.49,70.7,286093,-0.012017887087758528,73.46285714285715,80.34033333333333,0.017745440900313304,71.53,1
2024-07-23,71.47,71.72,71.08,71.53,291900,0.011739745403111623,72.83285714285714,79.706,0.01806435227141486,70.46,0
2024-07-24,70.51,70.89,70.34,70.46,701602,-0.014958758562840901,72.42714285714285,79.11433333333333,0.017790280204874942,71.49,1
2024-07-25,71.69,71.87,71.36,71.49,577486,0.014618223105308026,71.95571428571428,78.54433333333333,0.018118946704156525,71.3,0
2024-07-26,71.42,71.48,71.2,71.3,512924,-0.002657714365645547,71.33714285714287,77.97466666666666,0.018115510414517196,71.7,1
2024-07-29,71.47,71.86,71.42,71.7,309365,0.005610098176718203,71.24857142857142,77.357,0.01751376288250032,71.43,0
2024-07-30,71.03,71.58,70.17,71.43,376224,-0.003765690376568931,71.23,76.83833333333334,0.016678125217855964,73.62,1
2024-07-31,73.36,74.19,73.36,73.62,256536,0.030659386812263767,71.64714285714285,76.41366666666666,0.01799650121521912,71.77,0
2024-08-01,71.85,72.29,71.41,71.77,213284,-0.02512904102146163,71.68142857142857,75.94933333333333,0.018359583053460048,71.99,1
2024-08-02,72.22,72.61,71.73,71.99,357337,0.0030653476382889178,71.9,75.52433333333333,0.018397739745668787,72.09,1
2024-08-05,72.59,73.11,71.82,72.09,339309,0.0013890818169191022,71.98571428571428,75.18033333333334,0.017943931712379634,73.97,1
2024-08-06,73.55,73.99,72.86,73.97,261700,0.026078512969898604,72.36714285714285,74.912,0.018780172619821657,75.19,1
2024-08-07,75.2,75.52,75.18,75.19,264459,0.016493172907935616,72.86571428571429,74.73733333333332,0.018860495706261977,74.96,0
2024-08-08,74.87,75.09,74.75,74.96,499134,-0.003058917409230033,73.37,74.61999999999999,0.018392402772081845,75.6,1
2024-08-09,75.47,76.12,75.29,75.6,357621,0.008537886872998834,73.65285714285713,74.515,0.018461733005112568,76.8,1
2024-08-12,76.83,77.14,76.77,76.8,228892,0.015873015873015817,74.37142857142858,74.46900000000001,0.018681706162236012,78.26,1
2024-08-13,78.16,79.25,77.15,78.26,973762,0.019010416666666696,75.26714285714286,74.41066666666666,0.018504698787437157,77.05,0
2024-08-14,76.95,77.16,75.45,77.05,214557,-0.015461282903143414,75.97571428571428,74.32266666666668,0.018695286522852433,77.89,1
2024-08-15,77.67,78.35,76.96,77.89,468456,0.010902011680726797,76.53571428571429,74.22833333333332,0.018647090171335524,77.2,0
2024-08-16,77.31,77.42,76.86,77.2,287777,-0.008858646809603243,76.82285714285715,74.18766666666667,0.01798226027213717,76.37,0
2024-08-19,76.67,77.73,76.36,76.37,563823,-0.010751295336787536,77.02428571428572,74.16166666666666,0.01784395379212558,75.48,0
2024-08-20,75.95,76.82,75.15,75.48,442433,-0.0116537907555323,77.00714285714285,74.07300000000001,0.01778798387871367,75.42,0
2024-08-21,75.25,75.6,74.91,75.42,645464,-0.0007949125596184992,76.81000000000002,74.05233333333334,0.01710395865184371,77.78,1
2024-08-22,77.44,78.05,76.67,77.78,418132,0.031291434632723325,76.74142857142859,74.11966666666667,0.018020843312974443,78.87,1
2024-08-23,78.77,79.0,78.09,78.87,317690,0.014013885317562425,77.00142857142858,74.21733333333333,0.018175302243748692,78.49,0
2024-08-26,78.2,78.83,77.76,78.49,765773,-0.004818055027260182,77.08714285714287,74.39033333333333,0.016896680503201988,78.93,1
2024-08-27,79.24,79.24,78.25,78.93,420107,0.005605809657281302,77.33428571428571,74.52833333333334,0.016569317077201287,81.06,1
2024-08-28,80.77,81.38,80.34,81.06,395286,0.02698593690611939,78.00428571428571,74.70933333333332,0.01711494151757432,79.79,0
2024-08-29,79.79,79.98,78.5,79.79,404411,-0.015667406859116606,78.62,74.95833333333333,0.01515485906434192,77.93,0
2024-08-30,77.49,78.13,77.03,77.93,321241,-0.02331119187868158,78.97857142857143,75.17066666666666,0.01572916942296918,78.17,1
2024-09-02,78.04,78.69,77.87,78.17,494659,0.0030796868984985792,79.03428571428572,75.41966666666667,0.015472673582686862,77.69,0
2024-09-03,77.73,78.53,77.34,77.69,840732,-0.00614046309325833,78.86571428571429,75.62500000000001,0.015487460325528623,80.1,1
2024-09-04,80.57,81.04,79.64,80.1,781339,0.031020723387823468,79.09571428571428,75.94633333333334,0.01593071602144672,81.95,1
2024-09-05,81.7,82.4,81.08,81.95,484110,0.02309612983770304,79.52714285714286,76.295,0.016191192885866606,78.55,0
2024-09-06,78.65,78.91,77.75,78.55,556201,-0.04148871262965226,79.16857142857143,76.53666666666668,0.01822329458245982,79.31,1
2024-09-09,78.63,79.86,77.97,79.31,579527,0.009675366008911501,79.10000000000001,76.79033333333334,0.018255429940415735,77.99,0
2024-09-10,77.59,78.2,77.11,77.99,333180,-0.016643550624133252,79.10857142857142,77.009,0.018581376914155564,77.67,0
2024-09-11,77.4,77.78,77.03,77.67,779942,-0.004103090139761401,79.03714285714285,77.14399999999999,0.01787393057757202,78.88,1
2024-09-12,78.7,78.95,78.41,78.88,474906,0.01557873052658687,79.20714285714287,77.381,0.01728342409620481,77.94,0
2024-09-13,78.06,78.06,77.13,77.94,207732,-0.01191683569979718,78.89857142857143,77.57933333333334,0.017505414371446208,76.47,0
2024-09-16,76.64,76.9,76.2,76.47,549714,-0.01886066204772896,78.11571428571428,77.72533333333332,0.017946493799924534,76.55,1
2024-09-17,76.04,76.77,75.81,76.55,298071,0.0010461618935531103,77.83,77.81133333333334,0.01736690088000245,76.72,1
2024-09-18,76.86,77.06,76.16,76.72,484385,0.0022207707380796915,77.46000000000001,77.86233333333332,0.01712991978964524,74.45,0
2024-09-19,74.1,74.48,74.05,74.45,562795,-0.029588112617309648,76.9542857142857,77.84533333333334,0.017999425514258552,74.22,0
2024-09-20,74.75,75.26,74.05,74.22,379148,-0.003089321692411051,76.46142857142857,77.79933333333334,0.017932727640915764,74.15,0
2024-09-23,74.23,74.8,74.02,74.15,479318,-0.0009431420102397059,75.78571428571429,77.711,0.017665471823746184,74.94,1
2024-09-24,74.97,75.21,74.81,74.94,736697,0.01065407956844222,75.35714285714286,77.60033333333334,0.01740269228302078,73.06,0
2024-09-25,72.99,73.34,72.3,73.06,247306,-0.02508673605551104,74.87,77.46733333333333,0.017757938805818968,74.22,1
2024-09-26,74.19,74.56,73.79,74.22,201917,0.015877361073090457,74.53714285714285,77.345,0.017901551543778427,73.64,0
2024-09-27,73.62,74.22,72.97,73.64,408732,-0.007814605227701388,74.09714285714287,77.22633333333333,0.01788766629825507,74.35,1
2024-09-30,74.12,74.46,73.99,74.35,389568,0.009641499185225388,74.08285714285715,77.159,0.017908204809888407,73.54,0
2024-10-01,73.74,73.82,73.06,73.54,984360,-0.010894418291862662,73.98571428571428,77.09433333333332,0.017892773493424288,75.3,1
2024-10-02,75.37,75.41,74.84,75.3,638302,0.023932553712265214,74.14999999999999,77.09033333333333,0.018449723864018698,76.18,1
2024-10-03,76.39,77.11,75.86,76.18,529180,0.011686586985391934,74.32714285714285,77.037,0.017636532607955765,73.41,0
2024-10-04,73.37,73.72,72.96,73.41,411603,-0.036361249671829965,74.37714285714286,76.855,0.018575992772047384,72.23,0
2024-10-07,72.41,72.72,72.1,72.23,197586,-0.016074104345456974,74.09285714285714,76.64633333333333,0.01874318369636048,72.26,1
2024-10-08,72.02,72.3,71.82,72.26,252095,0.0004153398864736868,73.89571428571428,76.424,0.018688739747717373,69.78,0
2024-10-09,70.76,71.17,69.75,69.78,375550,-0.034320509272073085,73.24285714285715,76.048,0.018674755833827168,71.0,1
2024-10-10,70.78,71.35,70.07,71.0,460580,0.01748351963313266,72.88000000000001,75.75500000000001,0.018988479683474762,68.47,0
2024-10-11,68.33,69.27,68.29,68.47,360472,-0.03563380281690143,71.90428571428572,75.43966666666667,0.019552077544401785,66.79,0
2024-10-14,67.03,67.72,66.62,66.79,446698,-0.024536293267124143,70.56285714285714,75.06033333333333,0.01984933512983048,68.53,1
2024-10-15,68.85,69.05,68.37,68.53,565092,0.026051804162299685,69.86571428571429,74.75499999999998,0.020642073120927987,69.86,1
2024-10-16,69.62,70.24,69.12,69.86,321403,0.019407558733401498,69.52714285714286,74.41366666666666,0.020064139787241093,70.88,1
2024-10-17,70.39,71.42,69.68,70.88,360109,0.014600629831090783,69.33000000000001,74.04466666666667,0.01972037484694212,70.36,0
2024-10-18,69.95,70.44,69.8,70.36,289637,-0.0073363431151241,69.41285714285713,73.77166666666668,0.018465437925988055,71.02,1
2024-10-21,70.72,71.74,70.26,71.02,691742,0.009380329732802783,69.41571428571429,73.49533333333333,0.01845825730554519,67.41,0
2024-10-22,67.18,67.64,66.92,67.41,189817,-0.05083075190087294,69.2642857142857,73.14266666666667,0.020264189749570127,67.5,1
2024-10-23,67.44,67.7,66.76,67.5,541703,0.001335113484646211,69.36571428571429,72.80366666666667,0.020293526527306843,69.74,1
2024-10-24,70.01,70.09,68.97,69.74,579354,0.033185185185185206,69.53857142857143,72.499,0.021130522879855795,70.44,1
2024-10-25,70.72,71.04,69.6,70.44,189044,0.010037281330656844,69.62142857142857,72.249,0.02122251451085161,69.98,0
2024-10-28,69.79,70.25,69.41,69.98,350960,-0.00653038046564447,69.49285714285715,72.03266666666667,0.021026192438720902,71.99,1
2024-10-29,72.12,72.52,71.83,71.99,656044,0.02872249214061151,69.72571428571429,71.88066666666667,0.021791115711971523,72.88,1
2024-10-30,73.12,73.29,72.59,72.88,296407,0.01236282817057921,69.99142857142856,71.75266666666667,0.021934066580835847,72.49,0
2024-10-31,72.88,73.26,72.41,72.49,337477,-0.005351262349067021,70.71714285714286,71.68733333333333,0.021300087197449767,73.77,1
2024-11-01,73.7,74.02,73.28,73.77,417859,0.017657607945923637,71.61285714285714,71.67233333333334,0.021554037501520913,74.3,1
2024-11-04,74.06,74.41,73.84,74.3,719150,0.00718449234106,72.2642857142857,71.67733333333332,0.021592508099904314,71.78,0
2024-11-05,71.98,72.89,71.25,71.78,544182,-0.03391655450874831,72.45571428571428,71.57199999999999,0.022374358167868365,73.17,1
2024-11-06,73.6,73.61,72.77,73.17,322938,0.019364725550292672,72.91142857142856,71.57566666666666,0.022208570191318975,73.29,1
2024-11-07,73.12,73.33,73.02,73.29,244818,0.0016400164001639794,73.09714285714286,71.54466666666667,0.022015294350086787,74.18,1
2024-11-08,74.73,74.82,73.9,74.18,232082,0.012143539364169786,73.28285714285714,71.56266666666666,0.022078210916376483,77.68,1
2024-11-11,78.2,79.15,77.21,77.68,484820,0.04718252898355346,74.02428571428572,71.67366666666666,0.023624995035304783,77.15,0
2024-11-12,77.05,77.45,76.38,77.15,177959,-0.006822863027806436,74.50714285714287,71.79400000000001,0.02356156298105419,76.92,0
2024-11-13,76.42,76.93,75.49,76.92,336040,-0.0029812054439404267,74.88142857142859,71.848,0.02320213383507228,76.52,0
2024-11-14,76.32,77.29,75.42,76.52,536752,-0.005200208008320439,75.55857142857144,71.85933333333332,0.02313797018768118,76.1,0
2024-11-15,75.98,76.77,75.82,76.1,261694,-0.005488761108207063,75.97714285714287,71.94900000000001,0.02210990410364194,74.86,0
2024-11-18,75.0,75.25,74.44,74.86,371770,-0.0162943495400788,76.20142857142856,72.03666666666666,0.022115955085692203,73.62,0
2024-11-19,73.11,73.68,73.1,73.62,404473,-0.016564253272775775,76.12142857142858,72.08200000000001,0.02235876381495307,73.34,0
2024-11-20,74.03,74.12,72.7,73.34,571463,-0.00380331431676173,75.50142857142858,72.20066666666666,0.021375365644865953,75.02,1
2024-11-21,75.7,75.99,74.41,75.02,246431,0.0229070084537768,75.19714285714285,72.33466666666666,0.021534213670300416,76.05,1
2024-11-22,75.8,76.38,75.62,76.05,434495,0.013729672087443356,75.07285714285715,72.58733333333333,0.020411155002773594,73.75,0
2024-11-25,73.18,74.19,72.55,73.75,413198,-0.03024326101249175,74.67714285714285,72.81933333333333,0.020707905505997673,75.17,1
2024-11-26,75.1,75.24,74.85,75.17,440376,0.01925423728813569,74.5442857142857,73.04066666666668,0.02048886570636851,75.53,1
2024-11-27,75.64,75.86,75.06,75.53,224977,0.004789144605560791,74.64,73.22966666666666,0.02026496409120956,77.32,1
2024-11-28,77.71,78.04,77.27,77.32,517410,0.023699192373890954,75.16857142857143,73.44433333333333,0.02051415616820673,78.71,1
2024-11-29,78.92,79.09,78.27,78.71,301588,0.017977237454733563,75.93571428571428,73.72266666666665,0.02059024343076573,77.6,0
2024-12-02,77.52,77.83,77.17,77.6,403625,-0.014102401219667104,76.30428571428571,73.942,0.02082177648389513,75.49,0
2024-12-03,74.88,75.72,74.82,75.49,300911,-0.02719072164948455,76.2242857142857,74.21133333333334,0.019082397552845555,74.0,0
2024-12-04,74.13,75.56,73.51,74.0,918006,-0.01973771360445087,76.25999999999999,74.42800000000001,0.019563974426687166,74.61,1
2024-12-05,74.84,75.13,74.03,74.61,432352,0.008243243243243326,76.17999999999999,74.59033333333333,0.018761651145521092,74.61,0
2024-12-06,74.49,75.76,74.31,74.61,995012,0.0,76.04857142857144,74.72933333333334,0.018710597909564423,73.98,0
2024-12-09,74.04,74.09,73.93,73.98,329313,-0.008443908323281013,75.57142857142857,74.86266666666667,0.018744221292267528,71.99,0
2024-12-10,72.03,72.3,71.59,71.99,378529,-0.026899161935658444,74.61142857142856,74.86266666666666,0.01876316356375674,71.03,0
2024-12-11,70.94,71.07,70.88,71.03,763062,-0.013335185442422515,73.67285714285715,74.801,0.01877391559480199,72.32,1
2024-12-12,71.96,72.8,71.63,72.32,365371,0.018161340278755267,73.22,74.79533333333333,0.019061065219343355,73.09,1
2024-12-13,73.17,73.31,72.86,73.09,505186,0.01064712389380551,73.09,74.77266666666667,0.01888047157753052,71.41,0
2024-12-16,70.98,71.5,70.7,71.41,671570,-0.02298536051443434,72.63285714285713,74.67633333333335,0.019276406923378727,69.48,0
2024-12-17,69.85,70.39,69.32,69.48,365188,-0.027027027027026973,71.89999999999999,74.59966666666668,0.01891004272307538,67.09,0
2024-12-18,66.83,67.21,66.7,67.09,323295,-0.03439838802533102,70.91571428571429,74.39699999999999,0.019461607759908045,67.02,0
2024-12-19,67.13,67.61,66.92,67.02,383691,-0.0010433745714713005,70.20571428571428,74.188,0.019447111338277513,66.96,0
2024-12-20,66.75,67.1,66.42,66.96,635372,-0.0008952551477171555,69.6242857142857,73.94733333333333,0.019246420121317546,67.43,1
2024-12-23,67.52,68.12,66.97,67.43,503090,0.00701911589008386,68.92571428571428,73.60566666666666,0.016868925033610333,66.45,0
2024-12-24,66.37,66.86,65.83,66.45,710078,-0.014533590390034212,67.97714285714287,73.249,0.016962952037226153,65.76,0
2024-12-25,65.88,66.11,65.56,65.76,381539,-0.010383747178329572,67.17,72.877,0.016989031847559434,66.62,1
2024-12-26,66.39,67.01,66.31,66.62,350393,0.013077858880778503,66.76142857142858,72.54700000000001,0.017308989543611198,67.02,1
2024-12-27,66.57,67.58,66.43,67.02,270087,0.006004202942059278,66.75142857142858,72.24433333333333,0.017412362038345824,66.25,0
2024-12-30,66.16,66.42,66.13,66.25,376258,-0.011489107729035997,66.64142857142858,71.95733333333334,0.017317965535897553,67.32,1
2024-12-31,67.21,67.55,66.74,67.32,334837,0.016150943396226358,66.69285714285715,71.74733333333332,0.017523051001003567,67.15,0
2025-01-01,66.72,67.46,66.65,67.15,404235,-0.002525252525252375,66.65285714285714,71.541,0.0175221525790853,65.64,0
2025-01-02,65.44,65.77,65.3,65.64,291128,-0.022486969471332885,66.53714285714285,71.22833333333332,0.01718367336575499,66.66,1
2025-01-03,66.19,67.14,65.68,66.66,318629,0.015539305301645268,66.66571428571429,70.91533333333334,0.017252182383258888,66.34,0
2025-01-06,66.35,67.11,66.26,66.34,374456,-0.004800480048004707,66.62571428571428,70.66833333333332,0.01654043187211475,67.02,1
2025-01-07,66.9,67.46,66.89,67.02,624163,0.010250226107928695,66.62571428571428,70.39666666666666,0.016193414757934708,67.19,1
2025-01-08,67.18,67.53,66.78,67.19,371169,0.0025365562518651075,66.76,70.11866666666667,0.016157923139628303,68.94,1
2025-01-09,69.64,70.43,68.81,68.94,337268,0.026045542491442086,66.99142857142857,69.83933333333333,0.01630049959668787,70.28,1
2025-01-10,70.3,71.2,70.09,70.28,639141,0.01943719176095171,67.43857142857142,69.55833333333334,0.01636944356070039,71.66,1
2025-01-13,71.75,72.23,71.07,71.66,726323,0.01963574274331248,68.29857142857142,69.36033333333333,0.016779584618876364,70.92,0
2025-01-14,71.08,71.48,70.79,70.92,376512,-0.010326542003907258,68.90714285714286,69.208,0.0161967453562611,72.65,1
2025-01-15,72.59,72.76,71.72,72.65,382819,0.024393683023124613,69.80857142857143,69.163,0.016526419985039092,72.08,0
2025-01-16,71.89,72.36,71.46,72.08,205678,-0.007845836200963574,70.53142857142858,69.07866666666668,0.01649456815260427,69.89,0
2025-01-17,70.11,70.35,69.53,69.89,227697,-0.030382907880133203,70.91714285714286,68.92133333333332,0.01734098509693044,69.85,0
2025-01-20,70.12,70.36,69.6,69.85,416282,-0.0005723279439119322,71.04714285714286,68.78366666666666,0.01730009574081599,69.85,0
2025-01-21,69.01,70.4,68.97,69.85,738524,0.0,70.98571428571428,68.71233333333333,0.016637020250646214,68.72,0
2025-01-22,68.65,68.93,68.39,68.72,886492,-0.01617752326413735,70.56571428571428,68.63533333333334,0.016718343017210327,69.84,1
2025-01-23,69.73,70.36,69.7,69.84,589828,0.016298020954598424,70.41142857142857,68.55266666666667,0.016648146820639278,70.37,1
2025-01-24,70.19,70.62,70.17,70.37,349800,0.007588774341351634,70.08571428571429,68.46199999999999,0.01658342738880932,71.12,1
2025-01-27,71.45,71.74,71.05,71.12,521320,0.010657950831320262,69.94857142857143,68.45233333333334,0.01618732367425741,70.65,0
2025-01-28,70.47,70.77,69.82,70.65,236280,-0.006608548931383518,70.05714285714285,68.49133333333334,0.01542335248611983,71.33,1
2025-01-29,71.55,73.02,70.46,71.33,411258,0.009624911535739411,70.26857142857143,68.63266666666667,0.014000147313568644,70.77,0
2025-01-30,70.59,71.36,70.36,70.77,264935,-0.007850834151128638,70.4,68.75766666666667,0.014108266842126268,71.23,1
2025-01-31,71.09,71.32,70.65,71.23,425616,0.006499929348594113,70.75857142857144,68.9,0.014122112346671089,70.55,0
2025-02-03,70.73,71.01,70.27,70.55,753880,-0.009546539379475028,70.86,69.00399999999999,0.014248830759603181,71.13,1
2025-02-04,70.9,71.16,70.07,71.13,1014270,0.008221119773210495,70.96857142857142,69.16000000000001,0.013962775508234444,71.24,1
2025-02-05,71.18,71.84,71.15,71.24,463119,0.001546464220441468,70.98571428571428,69.34266666666666,0.013755496467115448,72.74,1
2025-02-06,72.4,73.2,72.28,72.74,497991,0.02105558674901742,71.28428571428572,69.54666666666667,0.014036030973771192,72.98,1
2025-02-07,72.69,73.31,72.07,72.98,219364,0.003299422601044988,71.52,69.74533333333333,0.014024944312221907,72.55,0
2025-02-10,72.74,73.09,71.48,72.55,327524,-0.005892025212387075,71.77428571428571,69.95533333333334,0.013862683541402191,73.17,1
2025-02-11,73.31,73.66,73.03,73.17,780620,0.008545830461750503,72.05142857142856,70.15033333333332,0.013684670548106447,71.57,0
2025-02-12,71.22,71.64,70.65,71.57,676567,-0.02186688533552017,72.19714285714285,70.29766666666667,0.014385395844412743,71.9,1
2025-02-13,71.54,72.0,71.04,71.9,593368,0.0046108704764566966,72.30714285714285,70.50633333333333,0.01360990884913381,72.93,1
2025-02-14,73.65,73.92,72.82,72.93,508870,0.014325452016689777,72.54857142857144,70.71533333333333,0.013573501657822317,72.06,0
2025-02-17,71.85,72.87,71.48,72.06,821137,-0.01192924722336497,72.45142857142856,70.90599999999999,0.013777272573692243,72.31,1
2025-02-18,72.04,72.8,71.85,72.31,384021,0.003469331112961438,72.35571428571428,71.08233333333332,0.013707165211905112,73.18,1
2025-02-19,73.3,73.6,72.47,73.18,394204,0.012031530908588106,72.44571428571429,71.282,0.013814219927575333,76.42,1
2025-02-20,76.15,76.55,75.7,76.42,1307508,0.04427439191035787,72.91,71.53133333333334,0.015197129810317222,75.8,0
2025-02-21,75.66,76.12,74.63,75.8,301977,-0.008113059408531909,73.51428571428572,71.71533333333333,0.015035572335164277,76.54,1
2025-02-24,76.79,77.41,76.45,76.54,509203,0.009762532981530514,74.17714285714285,71.87799999999999,0.014756012161808713,76.85,1
2025-02-25,77.13,77.42,76.4,76.85,366276,0.004050169845832174,74.73714285714286,72.07566666666668,0.014563903397130222,79.27,1
2025-02-26,79.18,79.74,78.66,79.27,774817,0.03148991541964863,75.76714285714286,72.29633333333335,0.014978729002467148,79.77,1
2025-02-27,80.17,81.24,79.52,79.77,382978,0.0063075564526302585,76.83285714285714,72.55266666666668,0.014847040036291087,78.95,0
2025-02-28,78.88,79.09,78.59,78.95,370864,-0.010279553716936118,77.65714285714286,72.85466666666666,0.013672691058363516,80.23,1
2025-03-03,80.13,81.16,79.85,80.23,375875,0.01621279290690314,78.20142857142856,73.20066666666666,0.01381502119567546,78.99,0
2025-03-04,78.97,79.36,78.61,78.99,587892,-0.015455565249906655,78.65714285714286,73.50533333333333,0.014277557322536966,77.84,0
2025-03-05,77.72,78.29,77.4,77.84,284816,-0.014558804912014112,78.84285714285714,73.80933333333333,0.014200723790603453,78.29,1
2025-03-06,78.43,78.44,77.82,78.29,235287,0.005781089414182983,79.04857142857144,74.091,0.014021964351234704,79.84,1
2025-03-07,79.91,80.31,79.36,79.84,405701,0.01979818623068086,79.13000000000001,74.40666666666668,0.014306760061255436,80.05,1
2025-03-10,79.78,80.24,79.21,80.05,369200,0.0026302605210419827,79.17,74.70433333333334,0.014259035601449671,82.84,1
2025-03-11,82.87,83.26,82.13,82.84,528033,0.034853216739537896,79.72571428571429,75.11066666666666,0.015170740683601929,84.17,1
2025-03-12,83.96,84.4,83.53,84.17,370660,0.016055045871559592,80.28857142857143,75.53866666666666,0.015277103384761416,85.59,1
2025-03-13,85.37,85.79,85.29,85.59,334088,0.016870618985386665,81.23142857142857,76.03266666666667,0.015190568777316667,85.14,0
2025-03-14,85.06,85.45,83.92,85.14,477499,-0.005257623554153601,82.27428571428572,76.49633333333333,0.01534065681284181,87.94,1
2025-03-17,88.26,88.74,87.28,87.94,505476,0.03288700963119573,83.65285714285713,77.07600000000001,0.015799878777790956,88.93,1
2025-03-18,89.0,89.58,88.31,88.93,640258,0.011257675687969204,84.95142857142858,77.66933333333333,0.015814438200195548,90.18,1
2025-03-19,90.6,90.93,89.96,90.18,437039,0.014055999100416106,86.39857142857144,78.30066666666669,0.01581445638076788,93.07,1
2025-03-20,93.63,94.31,93.05,93.07,206218,0.03204701707695712,87.86,78.97833333333332,0.016248499574664867,93.28,1
2025-03-21,93.24,93.81,92.07,93.28,417971,0.0022563661759966713,89.16142857142857,79.655,0.016260847050640157,95.33,1
2025-03-24,95.07,95.6,95.04,95.33,427228,0.02197684391080612,90.55285714285715,80.41433333333333,0.016215707330975913,93.1,0
2025-03-25,92.78,94.35,92.24,93.1,409321,-0.02339242630861227,91.69000000000001,81.07866666666668,0.01727845997616858,94.22,1
2025-03-26,94.3,94.57,94.18,94.22,527072,0.012030075187970057,92.58714285714287,81.83366666666667,0.016326223223514503,93.78,0
2025-03-27,94.07,94.47,93.46,93.78,380353,-0.004669921460411786,93.28,82.563,0.01650576624102712,93.2,0
2025-03-28,93.76,94.47,92.44,93.2,665514,-0.006184687566645364,93.71142857142857,83.23866666666667,0.016702271105766563,93.27,1
2025-03-31,92.75,93.52,92.71,93.27,379074,0.0007510729613733336,93.74000000000001,83.94566666666668,0.01632783927531025,93.02,0
2025-04-01,93.33,93.8,92.71,93.02,746108,-0.0026803902648225852,93.70285714285714,84.63600000000001,0.016434864784173088,91.64,0
2025-04-02,92.0,92.09,91.12,91.64,273136,-0.0148355192431735,93.17571428571429,85.25133333333333,0.01696269076756513,90.84,0
2025-04-03,91.69,91.76,90.64,90.84,165956,-0.008729812309035356,92.85285714285715,85.732,0.015733823186439982,91.98,1
2025-04-04,92.02,92.74,91.38,91.98,289724,0.012549537648612885,92.53285714285714,86.27133333333335,0.01555055964732112,89.62,0
2025-04-07,89.58,89.64,89.29,89.62,1332404,-0.025657751685148944,91.93857142857144,86.70733333333334,0.016609639296364196,90.12,1
2025-04-08,89.54,90.35,89.41,90.12,384388,0.005579111805400494,91.49857142857142,87.14966666666666,0.016607683495606165,89.25,0
2025-04-09,88.94,89.96,88.52,89.25,407786,-0.009653794940079896,90.92428571428572,87.48233333333333,0.01607393888075731,85.59,0
2025-04-10,85.18,85.7,84.65,85.59,475393,-0.04100840336134448,89.86285714285714,87.67633333333333,0.01804840456721969,87.05,1
2025-04-11,86.68,87.09,86.48,87.05,359770,0.017058067531253496,89.20714285714287,87.94633333333333,0.018070643188951335,84.93,0
2025-04-14,84.6,85.52,84.3,84.93,474501,-0.024353819643882724,88.36285714285714,88.10300000000001,0.01859057680983219,83.55,0
2025-04-15,83.01,83.6,83.0,83.55,448519,-0.01624867537972463,87.15857142857143,88.25500000000001,0.018616899018528095,82.89,0
2025-04-16,82.84,83.56,82.75,82.89,977274,-0.00789946140035902,86.19714285714285,88.42333333333335,0.018451119779772842,82.43,0
2025-04-17,82.53,83.14,82.34,82.43,691732,-0.0055495234648328395,85.09857142857142,88.56133333333334,0.0184925250526431,79.05,0
2025-04-18,79.27,79.63,78.81,79.05,477336,-0.041004488657042426,83.64142857142858,88.53500000000001,0.019750653555234452,81.74,1
2025-04-21,81.69,82.3,81.61,81.74,566619,0.034029095509171325,83.09142857142857,88.59133333333332,0.020711228128819127,81.98,1
2025-04-22,82.31,82.62,81.59,81.98,546342,0.002936138977245095,82.36714285714285,88.56266666666667,0.01970238914504982,84.41,1
2025-04-23,84.74,84.87,83.47,84.41,278170,0.029641375945352433,82.29285714285713,88.57066666666667,0.02023684693024089,84.6,1
2025-04-24,84.06,85.01,83.4,84.6,671816,0.0022509181376613174,82.44285714285715,88.53766666666667,0.01999850870983478,86.39,1
2025-04-25,86.27,86.75,86.0,86.39,333140,0.021158392434988293,82.94285714285715,88.57933333333334,0.020346391986990557,85.13,0
2025-04-28,84.68,85.47,84.54,85.13,589782,-0.014585021414515675,83.32857142857142,88.48566666666667,0.019587579041987678,87.56,1
2025-04-29,87.19,88.19,86.7,87.56,454758,0.028544578879361016,84.54428571428572,88.44000000000001,0.020202077690653644,84.77,0
2025-04-30,84.81,84.95,84.6,84.77,618330,-0.03186386477843772,84.97714285714287,88.25966666666666,0.020805905955783993,83.44,0
2025-05-01,83.37,83.66,83.11,83.44,760517,-0.01568951279933939,85.18571428571428,87.93866666666668,0.019931107681927965,84.95,1
2025-05-02,85.43,85.63,84.58,84.95,544432,0.018096836049856346,85.26285714285714,87.661,0.020293784764218482,84.74,0
2025-05-05,85.42,85.88,84.39,84.74,354800,-0.0024720423778694656,85.28285714285714,87.30799999999999,0.01974320833321423,84.88,1
2025-05-06,85.0,85.08,84.27,84.88,379528,0.001652112343639267,85.06714285714285,87.034,0.019409742962504088,85.05,1
2025-05-07,84.96,85.44,84.9,85.05,540132,0.002002827521206507,85.05571428571429,86.72833333333332,0.019229388438354693,83.16,0
2025-05-08,83.09,83.73,82.11,83.16,364419,-0.022222222222222254,84.42714285714285,86.37433333333334,0.01953930420813922,83.78,1
2025-05-09,83.75,85.12,83.29,83.78,369342,0.007455507455507604,84.28571428571429,86.06033333333333,0.019640650500184167,84.15,1
2025-05-12,84.32,84.75,83.99,84.15,410580,0.004416328479350806,84.38714285714285,85.75633333333332,0.019678457889921383,82.98,0
2025-05-13,82.72,83.42,82.53,82.98,373118,-0.013903743315508033,84.10571428571428,85.42166666666665,0.01977398159843673,82.7,0
2025-05-14,82.88,82.9,81.98,82.7,531474,-0.0033743070619426385,83.8142857142857,85.12366666666667,0.019660015381728242,84.53,1
2025-05-15,84.43,84.71,84.35,84.53,359571,0.022128174123337452,83.76428571428572,84.91333333333333,0.02016304797832017,84.3,0
2025-05-16,84.64,84.74,84.25,84.3,447296,-0.002720927481367652,83.65714285714286,84.65733333333333,0.01996969152109063,82.12,0
2025-05-19,82.55,83.19,81.85,82.12,321451,-0.025860023724792347,83.50857142857141,84.40733333333333,0.019977739591439284,81.07,0
2025-05-20,81.62,82.43,81.0,81.07,215195,-0.012786166585484815,83.12142857142858,84.10566666666666,0.019996183194198595,83.78,1
2025-05-21,83.7,83.78,82.55,83.78,593010,0.03342790181324795,83.06857142857143,83.92333333333333,0.021045635621358347,84.28,1
2025-05-22,83.8,85.1,83.79,84.28,637521,0.0059680114585820565,83.25428571428571,83.87966666666667,0.019742062245539992,84.72,1
2025-05-23,84.13,85.04,83.11,84.72,352841,0.0052206929283340475,83.54285714285713,83.80199999999999,0.019499443568261353,87.08,1
2025-05-26,86.96,87.3,86.82,87.08,595095,0.027856468366383336,83.90714285714286,83.87366666666667,0.019646734462616253,87.44,1
2025-05-27,86.93,87.67,86.58,87.44,488351,0.00413412953605885,84.35571428571428,84.00333333333333,0.019379571358237577,87.29,0
2025-05-28,86.7,87.95,86.39,87.29,270911,-0.0017154620311069513,85.0942857142857,84.15,0.019306700337145082,87.29,0
2025-05-29,87.15,87.46,86.95,87.29,692710,0.0,85.98285714285714,84.312,0.019259333593201255,86.68,0
2025-05-30,86.32,87.03,86.3,86.68,194218,-0.006988200252033394,86.39714285714285,84.56633333333333,0.017561120124271596,86.94,1
2025-06-02,87.16,87.58,85.79,86.94,422247,0.00299953853253343,86.77714285714286,84.73966666666666,0.016570054537941272,86.39,0
2025-06-03,87.04,87.5,86.19,86.39,576013,-0.006326201978375856,87.01571428571428,84.88666666666667,0.0166418137682041,85.22,0
2025-06-04,85.13,86.13,84.84,85.22,277469,-0.013543234170621643,86.75,84.91366666666667,0.016013679698543597,86.22,1
2025-06-05,86.31,86.99,85.63,86.22,821202,0.0117343346632246,86.57571428571428,84.96766666666667,0.016143693168191486,88.19,1
2025-06-06,87.62,88.2,87.55,88.19,341389,0.022848527023892284,86.70428571428572,85.02766666666666,0.016220108471236137,89.62,1
2025-06-09,89.66,89.83,89.42,89.62,713987,0.01621499036171903,87.03714285714285,85.17733333333332,0.016186492934214515,87.99,0
2025-06-10,87.73,88.17,87.19,87.99,400965,-0.018187904485606032,87.22428571428573,85.19166666666666,0.01577139289027039,87.62,0
2025-06-11,87.22,88.02,87.2,87.62,569861,-0.0042050232981019064,87.32142857142857,85.28666666666666,0.014591643875017839,88.41,1
2025-06-12,87.73,88.82,87.54,88.41,424172,0.0090162063455832,87.61,85.45233333333333,0.014299495888416473,90.37,1
2025-06-13,90.93,91.23,89.95,90.37,1121714,0.022169437846397466,88.34571428571428,85.633,0.014475546191578951,92.34,1
2025-06-16,91.72,92.46,90.7,92.34,511565,0.021799269669138033,89.22000000000001,85.88633333333334,0.01488007709625897,92.28,0
2025-06-17,91.82,92.82,91.74,92.28,655585,-0.0006497725795971965,89.80428571428571,86.13300000000001,0.014893056101094362,90.78,0
2025-06-18,90.77,90.87,90.28,90.78,581120,-0.016254876462938883,89.97,86.324,0.015298380378393728,92.24,1
2025-06-19,92.33,93.37,91.43,92.24,470573,0.016082837629433744,90.57714285714285,86.62666666666668,0.014771572039413873,94.52,1
2025-06-20,94.62,95.02,94.29,94.52,393749,0.02471812662619266,91.56285714285714,86.98466666666667,0.01525660832534328,95.97,1
2025-06-23,96.0,96.0,95.61,95.97,513852,0.015340668641557365,92.64285714285714,87.37866666666667,0.015393175242008542,96.87,1
2025-06-24,96.51,97.09,96.21,96.87,650377,0.009377930603313489,93.57142857142857,87.84166666666667,0.015015338540475385,96.7,0
2025-06-25,96.97,97.72,96.14,96.7,629023,-0.0017549292866728683,94.1942857142857,88.30833333333334,0.014986033066308073,97.26,1
2025-06-26,97.32,97.69,96.93,97.26,544703,0.005791106514994926,94.9057142857143,88.73266666666667,0.014647759787900078,97.88,1
2025-06-27,97.3,98.27,97.0,97.88,415574,0.006374665844129046,95.92,89.18533333333333,0.014580908738618515,97.0,0
2025-06-30,97.61,97.69,96.92,97.0,582558,-0.008990600735594545,96.60000000000001,89.68133333333334,0.013641015271339964,96.6,0
2025-07-01,96.45,98.1,96.17,96.6,295303,-0.004123711340206282,96.89714285714285,90.199,0.013325208095603863,94.86,0
2025-07-02,95.2,96.23,94.61,94.86,435934,-0.01801242236024836,96.73857142857142,90.56833333333334,0.012971675900019415,93.52,0
2025-07-03,92.96,93.63,92.61,93.52,194001,-0.014126080539742847,96.25999999999999,90.87633333333333,0.013390842971936356,93.17,0
2025-07-04,92.71,93.36,92.6,93.17,334767,-0.0037425149700598404,95.75571428571428,91.158,0.013452363911236406,96.17,1
2025-07-07,95.93,96.8,95.18,96.17,413623,0.03219920575292479,95.6,91.461,0.013746308190409189,93.24,0
2025-07-08,92.97,93.47,92.44,93.24,250368,-0.03046688156389732,94.93714285714285,91.65433333333334,0.015070870554787159,94.74,1
2025-07-09,95.11,95.47,94.4,94.74,278636,0.01608751608751602,94.61428571428571,91.90266666666666,0.015258571741163487,94.16,0
2025-07-10,93.54,94.95,92.99,94.16,642867,-0.006122018154950393,94.26571428571428,92.13166666666666,0.01533867490286087,93.15,0
2025-07-11,93.2,93.44,93.12,93.15,540526,-0.010726423109600591,94.02142857142857,92.34733333333334,0.015434490767375846,93.63,1
2025-07-14,93.24,93.79,92.67,93.63,684877,0.005152979066022523,94.03714285714285,92.57033333333334,0.015441816187860672,92.56,0
2025-07-15,92.74,92.77,92.38,92.56,707636,-0.011427961123571473,93.95,92.77600000000001,0.015570938308084281,96.55,1
2025-07-16,96.62,96.84,96.37,96.55,573596,0.04310717372515116,94.00428571428571,93.15366666666665,0.01694302357463391,94.23,0
2025-07-17,94.01,94.99,92.71,94.23,610870,-0.024029000517866272,94.14571428571428,93.42066666666666,0.017646019555157978,92.77,0
2025-07-18,93.58,93.89,92.69,92.77,500125,-0.015494004032686082,93.86428571428571,93.57333333333332,0.01755580562659771,94.39,1
2025-07-21,94.36,94.42,94.08,94.39,743039,0.017462541769968754,93.89714285714285,93.73233333333334,0.017592476281270846,98.44,1
2025-07-22,98.86,98.92,98.08,98.44,241405,0.042907087615213335,94.65285714285714,94.08066666666666,0.018691306268926535,102.71,1
2025-07-23,102.15,103.39,101.16,102.71,415285,0.0433766761479073,95.95000000000002,94.58366666666666,0.019954578933908954,105.94,1
2025-07-24,105.87,106.26,105.58,105.94,673844,0.03144776555350015,97.86142857142856,95.16799999999999,0.020503539282952187,103.15,0
2025-07-25,103.17,103.52,103.08,103.15,624272,-0.026335661695299106,98.80428571428571,95.59400000000001,0.02110837866629172,102.22,0
2025-07-28,102.27,102.3,101.12,102.22,457906,-0.009015996122152314,99.94571428571429,95.92333333333333,0.02099364737171904,103.7,1
2025-07-29,103.55,104.49,103.19,103.7,390787,0.014478575621209133,101.50714285714287,96.304,0.021069476919799685,104.35,1
2025-07-30,103.99,104.73,103.89,104.35,623930,0.006268081002892778,102.92999999999999,96.75633333333333,0.020717150902640244,105.0,1
2025-07-31,103.69,105.06,103.45,105.0,416884,0.006229036895064821,103.86714285714285,97.18166666666666,0.020610926639365184,102.45,0
2025-08-01,102.21,103.37,102.15,102.45,284600,-0.024285714285714244,103.83,97.446,0.02089580394605986,102.53,1
2025-08-04,102.14,103.18,101.04,102.53,710672,0.000780868716447003,103.34285714285714,97.66466666666666,0.020765527567663405,101.21,0
2025-08-05,101.1,101.72,100.28,101.21,383200,-0.012874280698332297,103.0657142857143,97.80933333333334,0.020905112582358543,101.33,1
2025-08-06,101.67,101.7,100.95,101.33,480133,0.0011856535915424349,102.93857142857142,97.96366666666667,0.020895386035761486,99.36,0
2025-08-07,100.23,101.35,99.23,99.36,233016,-0.019441428994374843,102.31857142857142,98.03366666666668,0.02123301703336018,101.59,1
2025-08-08,101.79,101.82,101.37,101.59,159934,0.02244363929146531,101.92428571428572,98.15733333333334,0.021575077823445,102.11,1
2025-08-11,102.51,102.66,101.79,102.11,534130,0.005118614036814684,101.51142857142858,98.32766666666666,0.021492953779079862,102.01,0
2025-08-12,102.26,102.96,101.79,102.01,866412,-0.0009793360101850723,101.44857142857143,98.50800000000001,0.021470048597635395,100.68,0
2025-08-13,100.96,101.16,100.43,100.68,179037,-0.013037937457112014,101.18428571428572,98.702,0.02132859316074412,97.11,0
2025-08-14,97.33,97.49,97.01,97.11,362815,-0.03545887961859362,100.59857142857143,98.82166666666667,0.02222846711168605,97.46,1
2025-08-15,97.34,97.46,97.15,97.46,557831,0.0036041602306662313,100.0457142857143,98.96466666666667,0.022209252888878105,100.17,1
2025-08-18,100.03,100.73,99.77,100.17,481074,0.02780627949928194,100.16142857142859,99.098,0.022015126067984583,106.37,1
2025-08-19,106.5,106.89,106.16,106.37,457020,0.061894778875910994,100.84428571428573,99.53566666666667,0.02376580994188113,104.58,0
2025-08-20,105.33,106.0,104.32,104.58,440407,-0.016828053022468814,101.19714285714285,99.86366666666666,0.023979402127112883,105.81,1
2025-08-21,106.13,106.31,105.58,105.81,303034,0.01176133103843946,101.74000000000001,100.252,0.023952333738527624,106.2,1
2025-08-22,106.88,107.04,105.38,106.2,691874,0.003685851998865841,102.52857142857142,100.687,0.023787225423571767,107.15,1
2025-08-25,106.59,107.98,105.99,107.15,655164,0.008945386064030059,103.96285714285715,101.13766666666666,0.023800063699349464,105.93,0
2025-08-26,106.03,106.27,105.7,105.93,516018,-0.01138590760615954,105.17285714285715,101.58333333333333,0.023799077590337676,107.9,1
2025-08-27,108.06,108.33,107.39,107.9,177832,0.01859718682148581,106.27714285714285,101.96166666666667,0.02283924483817794,108.99,1
2025-08-28,109.21,109.3,108.96,108.99,872926,0.010101946246524385,106.65142857142857,102.45366666666668,0.022239099245987465,110.7,1
2025-08-29,110.08,110.83,107.75,110.7,436083,0.0156895127993395,107.5257142857143,103.05133333333333,0.021970549526459535,114.04,1
2025-09-01,113.2,115.04,112.2,114.04,550311,0.030171635049683898,108.70142857142856,103.70633333333333,0.022316246728961243,116.84,1
2025-09-02,115.85,117.31,115.56,116.84,962986,0.024552788495264766,110.22142857142858,104.31966666666668,0.021522957861377617,117.7,1
2025-09-03,117.51,117.71,116.33,117.7,752946,0.007360492981855593,111.72857142857144,104.81933333333335,0.020335021652685126,114.4,0
2025-09-04,115.47,116.37,113.58,114.4,430057,-0.028037383177570097,112.93857142857144,105.10133333333333,0.02054103938593132,114.95,1
2025-09-05,115.04,115.7,114.81,114.95,684975,0.004807692307692291,113.94571428571429,105.49466666666667,0.019792888430735595,114.06,0
2025-09-08,113.51,114.65,113.27,114.06,566762,-0.007742496737712101,114.67,105.88933333333333,0.01976579088341141,112.84,0
2025-09-09,112.99,113.85,112.55,112.84,353284,-0.010696124846572008,114.97571428571429,106.194,0.019833147336147387,110.37,0
2025-09-10,110.24,111.79,109.1,110.37,470714,-0.02188940092165903,114.45142857142858,106.39466666666667,0.02033349342395605,106.37,0
2025-09-11,106.44,107.12,106.22,106.37,219906,-0.036241732354806544,112.9557142857143,106.44033333333333,0.021480052108174552,105.23,0
2025-09-12,105.04,105.36,104.47,105.23,237750,-0.01071730751151645,111.17428571428572,106.533,0.021075870255480002,101.67,0
2025-09-15,101.14,103.24,100.57,101.67,482387,-0.033830656656846925,109.35571428571428,106.50433333333334,0.022020447859049705,100.95,0
2025-09-16,100.73,101.0,100.23,100.95,786619,-0.007081735025081137,107.35571428571428,106.49566666666666,0.021929308656421245,100.4,0
2025-09-17,100.68,101.01,99.2,100.4,301431,-0.00544824170381375,105.40428571428572,106.46466666666667,0.021951891754814323,101.52,1
2025-09-18,101.65,101.93,101.15,101.52,722551,0.011155378486055634,103.78714285714285,106.53666666666666,0.021730790167365423,102.05,1
2025-09-19,102.55,102.65,101.44,102.05,474615,0.005220646178093036,102.59857142857142,106.55199999999999,0.021367683620011537,103.2,1
2025-09-22,102.76,103.42,102.2,103.2,918113,0.011268985791278885,102.14571428571428,106.58833333333334,0.02144418373730147,106.02,1
2025-09-23,106.47,107.83,105.25,106.02,387484,0.027325581395348797,102.25857142857141,106.722,0.02198919142975394,107.7,1
2025-09-24,107.73,108.21,107.7,107.7,1463701,0.015846066779853007,103.12,106.956,0.021962188337938716,109.88,1
2025-09-25,109.97,110.46,109.3,109.88,536036,0.02024141132776225,104.3957142857143,107.38166666666666,0.020976460711706457,110.68,1
2025-09-26,111.24,111.46,110.45,110.68,406983,0.007280669821623675,105.86428571428571,107.82233333333333,0.020982764614786556,108.77,0
2025-09-29,108.72,110.67,108.05,108.77,495305,-0.017256956993133454,106.89999999999999,108.109,0.02086652767238989,106.82,0
2025-09-30,106.93,107.33,106.71,106.82,214760,-0.017927737427599566,107.58142857142857,108.124,0.017982069645369667,106.97,1
2025-10-01,107.25,108.03,106.54,106.97,514423,0.001404231417337698,108.11999999999999,108.20366666666668,0.017689023604773493,107.77,1
2025-10-02,108.05,108.43,107.45,107.77,393913,0.007478732354865736,108.37,108.269,0.01761552115191708,108.96,1
2025-10-03,109.32,109.4,108.35,108.96,547377,0.011042033961213615,108.54999999999998,108.361,0.017708568260530376,109.43,1
2025-10-06,110.01,110.79,107.91,109.43,392793,0.004313509544787264,108.48571428571428,108.437,0.017657093740071718,109.86,1
2025-10-07,110.11,110.6,109.71,109.86,150388,0.0039294526181119505,108.36857142857143,108.568,0.017511826306132575,111.56,1
2025-10-08,111.37,111.62,110.4,111.56,157218,0.015474239941744017,108.76714285714286,108.69,0.017414865259265343,113.17,1
2025-10-09,114.29,114.31,112.96,113.17,343143,0.014431695948368573,109.67428571428572,108.82933333333334,0.017508361030508846,113.97,1
2025-10-10,113.97,114.58,112.13,113.97,268275,0.007069011222055277,110.6742857142857,108.93833333333333,0.017335712304576877,114.75,1
2025-10-13,114.94,116.04,114.3,114.75,634186,0.006843906291129187,111.67142857142856,108.96199999999999,0.016490078875049132,114.61,0
2025-10-14,114.28,115.13,114.27,114.61,288830,-0.0012200435729847747,112.47857142857143,108.88766666666668,0.015843797556648113,113.81,0
2025-10-15,112.83,115.02,111.21,113.81,532186,-0.00698019370037517,113.10428571428572,108.758,0.015814149289826652,112.0,0
2025-10-16,111.67,112.24,111.53,112.0,416329,-0.015903699147702288,113.41,108.67800000000001,0.01524362351704423,115.9,1
2025-10-17,115.94,116.09,115.63,115.9,827418,0.03482142857142856,114.03,108.70966666666666,0.016540114923898896,113.23,0
2025-10-20,113.48,114.29,112.7,113.23,461115,-0.023037100949094058,114.03857142857143,108.682,0.017028476547224215,109.12,0
2025-10-21,109.15,110.23,108.97,109.12,481552,-0.03629780093614765,113.3457142857143,108.55799999999999,0.018180240169825466,109.51,1
2025-10-22,109.88,110.18,109.14,109.51,295657,0.0035740469208211945,112.59714285714287,108.52933333333334,0.01775875067508073,107.16,0
2025-10-23,107.6,107.82,106.28,107.16,516082,-0.02145922746781126,111.53285714285714,108.55566666666667,0.01690618148048531,106.86,0
2025-10-24,107.3,107.38,106.52,106.86,581068,-0.0027995520716684874,110.53999999999999,108.61,0.016788270935074765,109.47,1
2025-10-27,109.48,110.0,108.45,109.47,423503,0.024424480628860268,110.17857142857143,108.86999999999999,0.01601379633554025,105.97,0
2025-10-28,106.03,106.09,105.31,105.97,590263,-0.03197222983465786,108.75999999999999,109.03733333333335,0.017137594982811213,106.68,1
2025-10-29,106.6,106.83,106.03,106.68,292120,0.006700009436633181,107.82428571428571,109.24666666666667,0.017104857850723177,105.48,0
2025-10-30,105.13,105.7,104.86,105.48,406093,-0.011248593925759276,107.30428571428571,109.37866666666667,0.017187742458605708,106.91,1
2025-10-31,107.54,107.75,106.68,106.91,522244,0.013557072430792516,106.93285714285715,109.54066666666667,0.017318209012765335,107.61,1
2025-11-03,107.09,108.02,106.87,107.61,391097,0.0065475633710598835,106.99714285714286,109.68766666666667,0.01724954448003228,104.46,0
2025-11-04,104.44,105.48,104.14,104.46,726070,-0.02927237245609149,106.65428571428572,109.63566666666667,0.017426290889215233,106.21,1
2025-11-05,106.33,106.37,106.12,106.21,574029,0.01675282404748235,106.18857142857142,109.586,0.017456105665051,107.72,1
2025-11-06,106.81,108.25,106.33,107.72,346185,0.014217117032294668,106.43857142857142,109.514,0.017244833336337945,103.54,0
2025-11-07,103.86,105.5,102.62,103.54,305236,-0.03880430746379493,105.99,109.276,0.018530918630656416,104.07,1
2025-11-10,103.94,105.43,103.08,104.07,441776,0.005118794668727,105.78857142857143,109.11933333333333,0.018347273801302105,102.7,0
2025-11-11,102.81,103.16,102.66,102.7,331362,-0.0131642163928124,105.18714285714285,108.982,0.018218637250739855,99.85,0
2025-11-12,99.73,100.41,99.13,99.85,378040,-0.027750730282375957,104.07857142857142,108.74466666666667,0.018844613158534206,101.03,1
2025-11-13,100.43,101.16,100.08,101.03,282490,0.011817726589884892,103.58857142857141,108.52,0.018937251191443637,100.2,0
2025-11-14,100.29,100.86,99.78,100.2,605278,-0.008215381569830704,102.73,108.22800000000001,0.01880670303331664,102.72,1
2025-11-17,102.78,102.82,102.21,102.72,475200,0.025149700598802394,102.01571428571428,108.00433333333334,0.019445403481698584,103.61,1
2025-11-18,104.04,104.62,103.04,103.61,500491,0.00866433021806845,102.0257142857143,107.796,0.019513640544277764,101.66,0
2025-11-19,101.87,102.36,101.49,101.66,616400,-0.01882057716436636,101.68142857142857,107.466,0.019473371199631214,103.26,1
2025-11-20,102.58,103.34,102.38,103.26,176507,0.015738736966358635,101.76142857142857,107.13566666666667,0.019514922328516888,104.83,1
2025-11-21,105.31,106.29,104.54,104.83,450282,0.015204338562851083,102.47285714285715,106.831,0.019713240359188724,106.96,1
2025-11-24,107.31,107.85,106.4,106.96,402218,0.020318611084613192,103.31999999999998,106.57133333333334,0.020085678119400815,104.37,0
2025-11-25,104.71,105.76,104.16,104.37,583044,-0.024214659685863782,103.91571428571429,106.23,0.020483976278464412,105.8,1
2025-11-26,106.03,107.31,104.54,105.8,543448,0.013701255149947134,104.35571428571428,105.963,0.02068929578200871,107.93,1
2025-11-27,107.65,108.41,107.47,107.93,547320,0.020132325141777097,104.97285714285714,105.82733333333334,0.020912448092378532,111.6,1
2025-11-28,111.86,112.03,111.38,111.6,746916,0.034003520800518716,106.39285714285714,105.684,0.020864587955277517,111.46,0
2025-12-01,111.32,111.78,109.5,111.46,209468,-0.0012544802867383575,107.56428571428572,105.625,0.020447828981367065,113.83,1
2025-12-02,115.16,115.51,113.59,113.83,289335,0.02126323344697645,108.85,105.782,0.019640288708323145,109.21,0
2025-12-03,109.12,109.7,108.75,109.21,722119,-0.040586840024598114,109.17142857142858,105.77199999999999,0.021088521882697202,107.35,0
2025-12-04,106.89,107.71,106.3,107.35,791842,-0.01703140738027653,109.59714285714287,105.77833333333334,0.020947271463349272,108.81,1
2025-12-05,108.68,109.35,108.26,108.81,319986,0.01360037261294833,110.02714285714285,105.84333333333332,0.0210779221742286,109.84,1
2025-12-08,110.49,111.36,109.64,109.84,695750,0.009466041724106145,110.3,105.85566666666666,0.020673309137193105,109.69,0
2025-12-09,109.46,110.1,108.78,109.69,629779,-0.0013656227239621233,110.02714285714285,105.97966666666666,0.019759744058380425,108.63,0
2025-12-10,107.59,108.67,107.24,108.63,256237,-0.009663597410885294,109.62285714285713,106.04466666666667,0.019832425157117743,107.34,0
2025-12-11,107.99,109.32,106.44,107.34,348025,-0.01187517260425286,108.69571428571429,106.10666666666665,0.019845871648740535,108.03,1
2025-12-12,108.19,108.67,107.55,108.03,507791,0.006428172163219559,108.52714285714285,106.144,0.019729878840806424,106.61,0
2025-12-15,106.41,107.1,105.86,106.61,431382,-0.013144496899009539,108.42142857142856,106.11066666666667,0.01985021485049223,105.23,0
2025-12-16,105.55,105.98,104.41,105.23,914337,-0.01294437670012194,107.91,106.13633333333334,0.01923771662253467,103.36,0
2025-12-17,103.0,104.19,102.82,103.36,565699,-0.017770597738287597,106.98428571428572,106.04133333333333,0.019259870161208923,103.01,0
2025-12-18,102.55,103.18,101.86,103.01,636400,-0.0033862229102166186,106.03,105.88433333333334,0.019055982479635417,101.21,0
2025-12-19,101.61,101.91,101.03,101.21,340947,-0.017474031647413013,104.97000000000001,105.80666666666667,0.01797622184811467,99.49,0
2025-12-22,99.3,99.78,98.78,99.49,271243,-0.016994368145440197,103.84857142857143,105.654,0.018185710111480843,99.81,1
2025-12-23,100.04,100.47,99.78,99.81,347480,0.0032164036586592726,102.67428571428572,105.55766666666666,0.01806392059129389,99.62,0
2025-12-24,99.64,100.8,99.28,99.62,780883,-0.001903616872056868,101.67571428571429,105.55,0.017335525538384976,97.91,0
2025-12-25,98.25,98.39,97.62,97.91,931880,-0.017165227865890476,100.63,105.446,0.017465293597082127,95.58,0
2025-12-26,95.64,95.98,95.44,95.58,320486,-0.023797364926973708,99.51857142857143,105.29199999999999,0.017916298204735198,95.13,0
2025-12-29,94.37,96.51,94.24,95.13,419512,-0.004708097928436961,98.39285714285714,105.039,0.017204803553370437,94.88,0
2025-12-30,95.15,95.28,93.41,94.88,163460,-0.0026279827604330785,97.48857142857142,104.74799999999999,0.01707716880188389,95.77,1
